JD,Magnitude,Band
2456660.21,11.9,Vis.
2456660.2944,12.6,Vis.
2456661.5,12.4,Vis.
2456662.2417,12.2,Vis.
2456662.48958,7.5,Vis.
2456663.2243,12.3,Vis.
2456667.33,11.5,Vis.
2456668.2,12,Vis.
2456668.2,12,Vis.
2456669.52986,12.2,Vis.
2456670.1903,12.3,Vis.
2456672.50139,12.3,Vis.
2456676.2542,12.2,Vis.
2456679.5,12,Vis.
2456680.01528,11.9,Vis.
2456686,11.7,Vis.
2456686.98542,11.4,Vis.
2456690.6826,11.2,Vis.
2456691.2576,11.2,Vis.
2456694.21597,10.6,Vis.
2456697.9,10.5,Vis.
2456698.291,11.2,Vis.
2456699,10.9,Vis.
2456703.00764,10.5,Vis.
2456709.6,8.9,Vis.
2456710.2757,10.3,Vis.
2456710.6785,10.5,Vis.
2456711,10.1,Vis.
2456711.659,10.3,Vis.
2456712,9.8,Vis.
2456712.6868,10.3,Vis.
2456712.8,10.3,Vis.
2456714.61,8.9,Vis.
2456714.736,9.5,Vis.
2456715.95278,9.7,Vis.
2456715.99792,9.7,Vis.
2456717.58,8.9,Vis.
2456717.59,8.9,Vis.
2456719.6576,10,Vis.
2456721.635,9.4,Vis.
2456721.7,9,Vis.
2456721.9,9.2,Vis.
2456722.52,8.8,Vis.
2456723.51,8.9,Vis.
2456723.9,9.4,Vis.
2456724.6,9,Vis.
2456725.712,9.3,Vis.
2456726.52,8.8,Vis.
2456726.6569,9.5,Vis.
2456729.53,8.8,Vis.
2456729.6375,9.3,Vis.
2456729.92778,8.7,Vis.
2456730.6521,9.2,Vis.
2456732.9,8.4,Vis.
2456735.90694,8.6,Vis.
2456737.622,8.5,Vis.
2456737.6417,8.8,Vis.
2456738.52,8.7,Vis.
2456738.53889,8.6,Vis.
2456739.4,8.5,Vis.
2456739.9,8.6,Vis.
2456740.51,8.5,Vis.
2456741.4333,8.7,Vis.
2456742.674,8.3,Vis.
2456743.8,8,Vis.
2456744.6403,8.5,Vis.
2456745.3583,8.5,Vis.
2456745.4618,8.3,Vis.
2456745.5,8.2,Vis.
2456745.95486,7.8,Vis.
2456746.3472,8.1,Vis.
2456746.51,7.9,Vis.
2456746.51528,8.2,Vis.
2456746.6,8.2,Vis.
2456747.8688,8.2,Vis.
2456748.6294,8.4,Vis.
2456752.36042,8.4,Vis.
2456752.8,8.1,Vis.
2456753.8,7.9,Vis.
2456756.6514,8.7,Vis.
2456756.95208,7.9,Vis.
2456757.39722,8.5,Vis.
2456757.58,7.8,Vis.
2456757.7,8.1,Vis.
2456761.57,7.7,Vis.
2456762.573,8.3,Vis.
2456762.6,8.1,Vis.
2456763.9,7.9,Vis.
2456764.4069,8.3,Vis.
2456765.545,8.2,Vis.
2456765.56,7.8,Vis.
2456766.3556,8.1,Vis.
2456767.38264,8.6,Vis.
2456767.41389,8,Vis.
2456768,8.1,Vis.
2456768.58,7.7,Vis.
2456769.39653,8.6,Vis.
2456769.4,8.4,Vis.
2456769.4,7.4,Vis.
2456770.9,7.9,Vis.
2456771.5799,8.1,Vis.
2456772.3,8.5,Vis.
2456772.6146,8.1,Vis.
2456773.3507,8.3,Vis.
2456774.576,8.4,Vis.
2456774.7,8,Vis.
2456776.3813,8.4,Vis.
2456776.4063,8.1,Vis.
2456777.3993,8.5,Vis.
2456777.57,7.7,Vis.
2456777.92014,8.1,Vis.
2456778.3614,8.4,Vis.
2456778.4167,8.7,Vis.
2456780.507,8.5,Vis.
2456780.58,7.8,Vis.
2456781.3,8,Vis.
2456781.4014,8.6,Vis.
2456781.5,8.7,Vis.
2456781.5125,8.3,Vis.
2456782.4007,8.6,Vis.
2456782.9375,8.1,Vis.
2456783.3917,8.6,Vis.
2456783.8,8.5,Vis.
2456784.384,8.5,Vis.
2456784.9,8.3,Vis.
2456786.37,8.3,Vis.
2456790.48,8.8,Vis.
2456791.3618,8.8,Vis.
2456791.4,8.9,Vis.
2456792.92153,8.6,Vis.
2456793.45,8.9,Vis.
2456794.5257,9.2,Vis.
2456795.6,8.9,Vis.
2456796.451,9.2,Vis.
2456796.5,8.6,Vis.
2456797.3882,9.2,Vis.
2456798.3885,9.1,Vis.
2456798.39,8.7,Vis.
2456798.4306,9.2,Vis.
2456798.4347,9.1,Vis.
2456798.56,8.8,Vis.
2456799.3,9.9,Vis.
2456799.3,11.9,Vis.
2456799.47222,8.14,Vis.
2456799.8,9.4,Vis.
2456800.31597,9.1,Vis.
2456800.5,9,Vis.
2456801.4528,9.2,Vis.
2456802.4181,9.3,Vis.
2456802.61,8.9,Vis.
2456803.4167,9.2,Vis.
2456803.573,9.6,Vis.
2456807.6,9.4,Vis.
2456808.5,9.7,Vis.
2456808.78264,9.8,Vis.
2456808.87361,9.7,Vis.
2456809.31597,9.3,Vis.
2456809.45208,9.2,Vis.
2456809.6,9.4,Vis.
2456810.4431,10,Vis.
2456810.638,10,Vis.
2456810.7,10.2,Vis.
2456811.43,9.7,Vis.
2456812.3667,10.2,Vis.
2456812.65,10.1,Vis.
2456813.42,9.9,Vis.
2456813.47708,9.9,Vis.
2456813.67014,10.3,Vis.
2456814.4215,10.5,Vis.
2456814.44,9.8,Vis.
2456814.66667,10.1,Vis.
2456815.31389,9.8,Vis.
2456815.39,10,Vis.
2456815.4,10.4,Vis.
2456815.46,10.7,Vis.
2456815.4625,10.5,Vis.
2456816.43,10.1,Vis.
2456817.4,9.9,Vis.
2456817.4,10.8,Vis.
2456817.4792,11,Vis.
2456818.6,10.2,Vis.
2456819.43,10.6,Vis.
2456820.43681,10.9,Vis.
2456821.4785,11.1,Vis.
2456822.30694,10.5,Vis.
2456824.4778,11.1,Vis.
2456825.5,11,Vis.
2456826.4375,11.5,Vis.
2456826.7,11.2,Vis.
2456827.4,11.4,Vis.
2456827.42,11.2,Vis.
2456828.6819,11.3,Vis.
2456828.7,11.4,Vis.
2456830.45,11,Vis.
2456831.4139,12.3,Vis.
2456831.5174,11.5,Vis.
2456832.3,11.8,Vis.
2456832.64931,11.8,Vis.
2456835.4854,11.9,Vis.
2456836.30417,11.8,Vis.
2456836.8,12,Vis.
2456837.4,11.3,Vis.
2456837.51,11.9,Vis.
2456837.662,12,Vis.
2456840.3772,12,Vis.
2456841.5,12,Vis.
2456841.65764,12,Vis.
2456842.34,12,Vis.
2456842.76597,12.8,Vis.
2456844.5278,12,Vis.
2456846.3,12,Vis.
2456846.37,10.9,Vis.
2456855.4083,12.7,Vis.
2456855.6,12.3,Vis.
2456856.4167,12.4,Vis.
2456858.5354,12.4,Vis.
2456859.4292,12.5,Vis.
2456860.4729,12.1,Vis.
2456861.3618,12.5,Vis.
2456862.41042,12,Vis.
2456862.6771,12.1,Vis.
2456864.3961,11.8,Vis.
2456864.79722,12,Vis.
2456865.5,12.4,Vis.
2456867.8285,12.5,Vis.
2456869.3,11.9,Vis.
2456869.4736,11.8,Vis.
2456869.5722,12,Vis.
2456869.6,12.3,Vis.
2456870.3896,12.2,Vis.
2456870.6,12.1,Vis.
2456874.627,12.1,Vis.
2456875.8,11.8,Vis.
2456882.3,11.5,Vis.
2456882.5306,11.8,Vis.
2456883.631,11,Vis.
2456883.9,11.3,Vis.
2456884.59028,12,Vis.
2456884.6,11.3,Vis.
2456887.36,11,Vis.
2456887.611,11,Vis.
2456888.4,11.2,Vis.
2456888.4035,11.2,Vis.
2456888.49167,10.8,Vis.
2456889.42847,10.8,Vis.
2456889.5021,11.5,Vis.
2456891.3931,11.4,Vis.
2456891.49,11,Vis.
2456891.6618,11,Vis.
2456892.3,10.9,Vis.
2456892.69028,10.7,Vis.
2456894.6,10.7,Vis.
2456894.741,11,Vis.
2456895.4145,11,Vis.
2456895.4364,10.6,Vis.
2456896.35208,11,Vis.
2456896.4868,9.3,Vis.
2456896.9,10.2,Vis.
2456897.44,10.3,Vis.
2456897.5201,11,Vis.
2456898.587,10,Vis.
2456900.5,9.7,Vis.
2456903.5174,9.3,Vis.
2456903.7,9.8,Vis.
2456904.24444,9,Vis.
2456905.3958,9.7,Vis.
2456906.577,9.5,Vis.
2456907.4431,9.6,Vis.
2456907.6,9.1,Vis.
2456908.3063,9.6,Vis.
2456909.3,9.6,Vis.
2456910.38,8.9,Vis.
2456911.66875,8.9,Vis.
2456912.4139,8.7,Vis.
2456913.24306,8.7,Vis.
2456913.3514,8.6,Vis.
2456913.6,8.5,Vis.
2456914.47,8.6,Vis.
2456914.6,8.8,Vis.
2456915.3382,8.7,Vis.
2456915.35417,8.7,Vis.
2456916.3556,8.7,Vis.
2456917.2708,8.5,Vis.
2456917.3,8.2,Vis.
2456917.61111,8.5,Vis.
2456917.7,8.1,Vis.
2456918.31944,8,Vis.
2456919.3,7.3,Vis.
2456919.31,8.5,Vis.
2456919.319,8.3,Vis.
2456919.3556,8.2,Vis.
2456919.3667,8.3,Vis.
2456919.38,7.8,Vis.
2456919.3859,8.5,Vis.
2456920.26458,8.1,Vis.
2456920.48,7.8,Vis.
2456920.635,8,Vis.
2456922.62014,7.7,Vis.
2456923.3389,7.9,Vis.
2456924.2903,7.8,Vis.
2456924.35,8.2,Vis.
2456924.356,7.3,Vis.
2456924.4201,7.6,Vis.
2456924.5,7.8,Vis.
2456925.4,7.5,Vis.
2456926.48,7.5,Vis.
2456926.6,7.5,Vis.
2456926.64895,7.6,Vis.
2456926.76181,8.1,Vis.
2456927.33,7.7,Vis.
2456927.5,7.3,Vis.
2456927.6,7.5,Vis.
2456928.266,7.5,Vis.
2456928.3417,7.5,Vis.
2456928.3576,7.7,Vis.
2456928.38819,7.4,Vis.
2456928.45139,7.8,Vis.
2456929.3,8.3,Vis.
2456929.339,8.1,Vis.
2456929.36,7.5,Vis.
2456929.5306,7.5,Vis.
2456930.24,7.2,Vis.
2456930.3,7.8,Vis.
2456930.60694,7.4,Vis.
2456930.75069,7.5,Vis.
2456931.3,7.6,Vis.
2456931.34,7.4,Vis.
2456932.3,7.5,Vis.
2456932.38,7.5,Vis.
2456932.413,7.4,Vis.
2456932.5,7.4,Vis.
2456932.6,7.4,Vis.
2456933.2826,7.5,Vis.
2456933.31667,7.3,Vis.
2456934.2986,7.5,Vis.
2456934.3431,7.6,Vis.
2456934.35556,7.5,Vis.
2456934.36458,7.7,Vis.
2456935.28819,7.2,Vis.
2456935.3354,7.4,Vis.
2456935.3451,7.5,Vis.
2456935.4625,7.5,Vis.
2456936.2715,7.3,Vis.
2456936.363,7.28,Vis.
2456937.35625,7,Vis.
2456937.61597,7.5,Vis.
2456938.28,7.3,Vis.
2456939.285,7.7,Vis.
2456939.38056,7.3,Vis.
2456940.2,8,Vis.
2456940.2812,7.3,Vis.
2456940.3389,7.8,Vis.
2456940.37,7.5,Vis.
2456940.6,7.4,Vis.
2456940.608,7.7,Vis.
2456941.3,7.3,Vis.
2456941.31,7.3,Vis.
2456942.5,7.3,Vis.
2456942.6,7.4,Vis.
2456943.2939,8.6,Vis.
2456944.27,8,Vis.
2456944.3072,7.5,Vis.
2456944.395,7.61,Vis.
2456945.3688,7.9,Vis.
2456946.359,7.9,Vis.
2456946.4,7.6,Vis.
2456946.41042,7,Vis.
2456946.58681,7.6,Vis.
2456947.62986,7.1,Vis.
2456948.3069,7.6,Vis.
2456949.2438,7.6,Vis.
2456949.3,7.5,Vis.
2456949.3,7.5,Vis.
2456949.351,7.58,Vis.
2456949.3771,7.3,Vis.
2456950.19722,7.3,Vis.
2456950.23403,7.3,Vis.
2456950.2826,7.6,Vis.
2456950.3042,7.3,Vis.
2456950.38,7,Vis.
2456950.588,8.1,Vis.
2456951.24583,7.2,Vis.
2456951.28125,7.3,Vis.
2456951.3,7.8,Vis.
2456952.2,8.5,Vis.
2456952.313,8.2,Vis.
2456952.4,7.3,Vis.
2456953.33,6.8,Vis.
2456953.35417,7.4,Vis.
2456953.55486,8,Vis.
2456953.6,7.7,Vis.
2456954.29861,7.4,Vis.
2456954.43889,7.9,Vis.
2456954.5361,7.5,Vis.
2456955.25,7.6,Vis.
2456955.2868,7.4,Vis.
2456955.29653,7.6,Vis.
2456955.333,8.2,Vis.
2456955.38,7.6,Vis.
2456955.56667,7.6,Vis.
2456956.32,7.7,Vis.
2456956.326,8,Vis.
2456956.3583,7.6,Vis.
2456957.4028,7.6,Vis.
2456957.7,7.5,Vis.
2456957.70208,7.8,Vis.
2456958.2,7.4,Vis.
2456958.2438,7.6,Vis.
2456958.25,7.5,Vis.
2456958.2535,7.6,Vis.
2456958.3,7.2,Vis.
2456958.34,8.2,Vis.
2456958.4292,7.2,Vis.
2456958.546,8,Vis.
2456959.2917,7.6,Vis.
2456959.5,7.5,Vis.
2456960.4,7.5,Vis.
2456960.6007,7.3,Vis.
2456962.3229,7.6,Vis.
2456962.383,7.26,Vis.
2456962.63403,7.9,Vis.
2456963.28125,7.7,Vis.
2456963.3181,7.6,Vis.
2456964.3069,7.6,Vis.
2456965.2333,7.7,Vis.
2456965.27,8.2,Vis.
2456966.2,8.3,Vis.
2456966.3,7.5,Vis.
2456967.23403,7.8,Vis.
2456967.2587,7.7,Vis.
2456967.3125,8,Vis.
2456967.34,7,Vis.
2456969.3396,8.1,Vis.
2456969.55903,8,Vis.
2456969.636,8.3,Vis.
2456969.7,7.8,Vis.
2456970.25,7.8,Vis.
2456971.2244,8.1,Vis.
2456971.3118,7.6,Vis.
2456971.35,7.8,Vis.
2456971.60833,8,Vis.
2456972.25069,8,Vis.
2456972.3,7.9,Vis.
2456973.2347,7.6,Vis.
2456973.2375,7.8,Vis.
2456973.3917,8.1,Vis.
2456974.337,8.4,Vis.
2456974.3431,8.2,Vis.
2456974.376,7.58,Vis.
2456977.2,8.2,Vis.
2456977.2354,7.9,Vis.
2456977.48611,8.3,Vis.
2456978.20903,8.2,Vis.
2456979.35486,7.9,Vis.
2456979.55833,8.2,Vis.
2456979.6,8.2,Vis.
2456979.6,8.2,Vis.
2456980.2,8.5,Vis.
2456980.3169,8.3,Vis.
2456980.365,8.6,Vis.
2456981.35,8.5,Vis.
2456982.36,8.3,Vis.
2456982.5,8.3,Vis.
2456982.5,8.53,Vis.
2456983.3,8.5,Vis.
2456983.62,8.6,Vis.
2456984.1875,8.3,Vis.
2456985.2125,8.7,Vis.
2456985.253,8.9,Vis.
2456985.34,8.8,Vis.
2456985.59167,8.7,Vis.
2456986.2,8.2,Vis.
2456986.2569,8.8,Vis.
2456986.3201,8.9,Vis.
2456988.1979,8.9,Vis.
2456988.21458,8.6,Vis.
2456990.3,8.8,Vis.
2456990.4,8.8,Vis.
2456990.66389,9.4,Vis.
2456992.57847,8.7,Vis.
2456994.27708,8.7,Vis.
2456994.28194,9.1,Vis.
2456996.2,9.7,Vis.
2456996.5,8.9,Vis.
2456996.574,8.9,Vis.
2456997.26736,9.2,Vis.
2456998.3,9,Vis.
2456998.5,9.3,Vis.
2456999.38,9,Vis.
2457000.2146,9.3,Vis.
2457000.23194,8.5,Vis.
2457000.56944,9.7,Vis.
2457001.2243,9.3,Vis.
2457005.3,9.9,Vis.
2457005.3167,10.1,Vis.
2457005.39,9.1,Vis.
2457006.2,9.1,Vis.
2457006.3,9.3,Vis.
2457007.54653,9.9,Vis.
2457009.2,10,Vis.
2457011.18056,9.8,Vis.
2457011.5,10,Vis.
2457012.39,9.8,Vis.
2457013.2,10.2,Vis.
2457013.2,10.7,Vis.
2457013.3,9.3,Vis.
2457016.2467,10.7,Vis.
2457016.4,9.8,Vis.
2457016.716,10.5,Vis.
2457017.58264,10.2,Vis.
2457018.21,10,Vis.
2457018.71,10.6,Vis.
2457019.18264,10.4,Vis.
2457020.2104,11.1,Vis.
2457020.27569,10.4,Vis.
2457020.38,10.2,Vis.
2457020.5,10.9,Vis.
2457021.2,11,Vis.
2457022,10.4,Vis.
2457025.2438,11.1,Vis.
2457027.1875,11.1,Vis.
2457027.2,11.1,Vis.
2457027.21,10.6,Vis.
2457027.2215,10.8,Vis.
2457027.2375,10.6,Vis.
2457027.2778,11,Vis.
2457027.2861,10.7,Vis.
2457027.4,11.1,Vis.
2457027.56181,10.9,Vis.
2457028.2,10.9,Vis.
2457028.525,10.7,Vis.
2457030.5,10.9,Vis.
2457033.3,10.9,Vis.
2457033.61,11.3,Vis.
2457038.2,11.1,Vis.
2457039.23,11.3,Vis.
2457041.2819,11.4,Vis.
2457041.53125,11.3,Vis.
2457042,11.3,Vis.
2457043,11.5,Vis.
2457049.01944,11.1,Vis.
2457049.6979,11.4,Vis.
2457051.6507,11.5,Vis.
2457052.2194,11.4,Vis.
2457053,11.3,Vis.
2457053.9,11.4,Vis.
2457054.2,10.8,Vis.
2457058.2611,11,Vis.
2457060.3,11.15,Vis.
2457061.21,11.3,Vis.
2457061.2264,11.3,Vis.
2457062.2361,11.2,Vis.
2457063.01806,10.8,Vis.
2457064.9,10.5,Vis.
2457066.2562,11,Vis.
2457066.6951,11.1,Vis.
2457067.7285,10.4,Vis.
2457068.69,10.5,Vis.
2457068.7069,10.9,Vis.
2457069,10.5,Vis.
2457069.6028,10.8,Vis.
2457070.6438,10.7,Vis.
2457070.6549,10.5,Vis.
2457071.2785,10.2,Vis.
2457072.01111,10,Vis.
2457073.6285,10.5,Vis.
2457074,9.7,Vis.
2457074.5868,10.4,Vis.
2457075.6528,10.5,Vis.
2457075.72,9.1,Vis.
2457076.6486,10.4,Vis.
2457078.6875,10.2,Vis.
2457079.441,9.7,Vis.
2457080.4986,9.5,Vis.
2457080.72,8.8,Vis.
2457081,9.7,Vis.
2457083.67,8.8,Vis.
2457084.6771,9.5,Vis.
2457086.72,8.8,Vis.
2457086.9,8.7,Vis.
2457091.63,7.9,Vis.
2457096.9,8,Vis.
2457098.6028,7.5,Vis.
2457098.6229,8,Vis.
2457099.59,7.3,Vis.
2457099.5993,7.7,Vis.
2457099.616,8,Vis.
2457099.8,7.7,Vis.
2457100.4333,7.8,Vis.
2457102.67,7.5,Vis.
2457104.6535,7.6,Vis.
2457104.97431,7.5,Vis.
2457106.6292,7.5,Vis.
2457106.7,6.8,Vis.
2457109.9,7.2,Vis.
2457110.625,7.01,Vis.
2457110.8,7,Vis.
2457110.9,6.9,Vis.
2457111.55,7.4,Vis.
2457111.6188,7.1,Vis.
2457113.64,7.4,Vis.
2457117.6181,6.7,Vis.
2457118.58,6.8,Vis.
2457119.5757,7.6,Vis.
2457122.3,6.7,Vis.
2457122.639,7.7,Vis.
2457122.64,7,Vis.
2457124.5757,7.6,Vis.
2457124.9,6.9,Vis.
2457124.9,6.9,Vis.
2457125.5694,6.8,Vis.
2457127.6,7.3,Vis.
2457128.3944,7.6,Vis.
2457130.4396,7.6,Vis.
2457130.616,7.3,Vis.
2457131.48,7.5,Vis.
2457131.94583,6.3,Vis.
2457132.3,6.6,Vis.
2457132.5847,7.6,Vis.
2457132.618,7.7,Vis.
2457133.3813,7.6,Vis.
2457133.5,7.3,Vis.
2457133.5507,6.9,Vis.
2457134.348,6.8,Vis.
2457134.459,7.6,Vis.
2457134.48,6.9,Vis.
2457135.34722,6.9,Vis.
2457135.34931,6.6,Vis.
2457135.37,6.8,Vis.
2457135.6153,7.3,Vis.
2457135.8,6.9,Vis.
2457136.4417,7.6,Vis.
2457136.9,6.9,Vis.
2457137.3528,7.6,Vis.
2457138.48681,6.8,Vis.
2457139.4063,7.5,Vis.
2457139.4542,7.8,Vis.
2457139.521,7.6,Vis.
2457139.55,7.5,Vis.
2457140.5833,7.2,Vis.
2457140.6174,7.3,Vis.
2457141.4694,7.2,Vis.
2457141.93403,7.1,Vis.
2457142.5632,7.6,Vis.
2457142.62,6.8,Vis.
2457144.48264,7.4,Vis.
2457145.3903,7.6,Vis.
2457147.3903,7.6,Vis.
2457148.8,7.1,Vis.
2457149.4083,7.6,Vis.
2457149.5833,7.2,Vis.
2457150.39,7.7,Vis.
2457150.4,7.4,Vis.
2457150.47083,7.2,Vis.
2457151.4014,7.6,Vis.
2457152.55,7.8,Vis.
2457153.37361,7.5,Vis.
2457153.38333,7.5,Vis.
2457153.4215,7.7,Vis.
2457154.3972,7.7,Vis.
2457155.4,7.6,Vis.
2457155.5382,7.7,Vis.
2457155.7,7.4,Vis.
2457156.45,7.4,Vis.
2457156.465,8,Vis.
2457157.416,8,Vis.
2457158.4049,8.1,Vis.
2457158.4708,8.4,Vis.
2457159.3,8,Vis.
2457159.36,8,Vis.
2457159.39,7.8,Vis.
2457159.4,8,Vis.
2457159.51,8.5,Vis.
2457159.52,8,Vis.
2457159.5486,7.62,Vis.
2457159.7,7.8,Vis.
2457161.2,8,Vis.
2457161.3757,8,Vis.
2457161.47778,7.7,Vis.
2457162.80263,7.9,Vis.
2457163.4097,7.8,Vis.
2457163.5,7.8,Vis.
2457164.4444,8.3,Vis.
2457165.33681,8.3,Vis.
2457165.9,8.1,Vis.
2457165.9625,8.4,Vis.
2457166.43264,8.4,Vis.
2457166.45833,8.2,Vis.
2457166.69514,8.3,Vis.
2457169.4,7.8,Vis.
2457169.566,8.5,Vis.
2457169.6,8.1,Vis.
2457170.4354,8.7,Vis.
2457170.95486,8.5,Vis.
2457171.4,8.8,Vis.
2457171.566,8.6,Vis.
2457171.631,8.7,Vis.
2457172.3,8.4,Vis.
2457172.36,8.2,Vis.
2457172.4,8.3,Vis.
2457173.441,8.7,Vis.
2457173.49028,8.6,Vis.
2457174.425,8.7,Vis.
2457176.5667,8.9,Vis.
2457177.30069,8.6,Vis.
2457177.42,8.8,Vis.
2457178.4,9,Vis.
2457178.425,8.9,Vis.
2457178.43889,8.8,Vis.
2457178.4403,9.1,Vis.
2457178.5694,9.1,Vis.
2457179.39,8.7,Vis.
2457179.4,8.9,Vis.
2457179.4028,9.1,Vis.
2457179.486,8.7,Vis.
2457180.4632,9.5,Vis.
2457180.5,8.9,Vis.
2457180.7,9,Vis.
2457180.7,9.3,Vis.
2457181.4313,9.3,Vis.
2457183.4382,9.4,Vis.
2457183.4479,9.5,Vis.
2457184.366,9.6,Vis.
2457184.42,8.9,Vis.
2457185.4,8.9,Vis.
2457185.5299,9.6,Vis.
2457186.3,9.7,Vis.
2457186.3,9.1,Vis.
2457186.39,8.9,Vis.
2457186.5007,9.7,Vis.
2457187.4,9.4,Vis.
2457187.4,9.3,Vis.
2457187.42,8.9,Vis.
2457187.4396,9.8,Vis.
2457188.4208,10.1,Vis.
2457189.4292,10.2,Vis.
2457190.4382,10.2,Vis.
2457190.466,10.1,Vis.
2457190.6,9.5,Vis.
2457191.42,9.8,Vis.
2457192.5,10.1,Vis.
2457192.8,10.2,Vis.
2457193.33681,9.5,Vis.
2457193.3924,10.5,Vis.
2457193.71319,9.8,Vis.
2457194.43,9.8,Vis.
2457195.4,9.7,Vis.
2457195.4785,10.2,Vis.
2457196.2,9.5,Vis.
2457198.661,10.7,Vis.
2457198.68958,10.2,Vis.
2457200.3,11,Vis.
2457200.4,10.5,Vis.
2457201.29861,10.4,Vis.
2457201.4167,10.7,Vis.
2457201.4653,10.7,Vis.
2457201.9,10.8,Vis.
2457203.4,10,Vis.
2457203.42,10.6,Vis.
2457204.4694,11,Vis.
2457205.30139,10.5,Vis.
2457206.4,11.7,Vis.
2457206.466,11.1,Vis.
2457206.4708,10.7,Vis.
2457207.4514,10.8,Vis.
2457209.38,11.1,Vis.
2457210.3,11.6,Vis.
2457210.4438,11.4,Vis.
2457211.4653,10.9,Vis.
2457212.37,11.1,Vis.
2457213.38,11.6,Vis.
2457213.4,10.9,Vis.
2457213.67986,11.5,Vis.
2457214.33,11.5,Vis.
2457214.4,11.6,Vis.
2457214.4069,11.1,Vis.
2457214.434,11.5,Vis.
2457214.636,11.5,Vis.
2457214.7,11.7,Vis.
2457214.8,11.7,Vis.
2457215.4771,11.6,Vis.
2457215.71458,11.7,Vis.
2457216.4,11.7,Vis.
2457218.4,11.7,Vis.
2457219.628,11.5,Vis.
2457219.65347,11.9,Vis.
2457220.34306,11,Vis.
2457220.4,11.7,Vis.
2457220.4118,11.6,Vis.
2457221.3896,11.9,Vis.
2457221.7,12,Vis.
2457223.4222,10.9,Vis.
2457223.5313,12.2,Vis.
2457224.4,11.9,Vis.
2457225.32986,11.7,Vis.
2457225.6,12.1,Vis.
2457225.8,12.3,Vis.
2457226.3,12,Vis.
2457226.4,11.8,Vis.
2457226.49,12.3,Vis.
2457228.56806,11.7,Vis.
2457228.65278,12.1,Vis.
2457229.575,11.9,Vis.
2457230.4549,11.9,Vis.
2457230.8243,12.1,Vis.
2457231.4333,12.4,Vis.
2457235.4736,11.8,Vis.
2457235.7868,12.1,Vis.
2457236.64236,12.3,Vis.
2457238.4028,12.3,Vis.
2457238.44583,12.4,Vis.
2457239.7882,12.2,Vis.
2457240.3,11.9,Vis.
2457240.3743,12,Vis.
2457240.3903,13.9,Vis.
2457240.4806,12.3,Vis.
2457240.6,12.3,Vis.
2457241.31,12.3,Vis.
2457241.3722,12.3,Vis.
2457241.4,11.7,Vis.
2457241.4,11.5,Vis.
2457241.4396,11.1,Vis.
2457241.64931,12.5,Vis.
2457242.3,12.1,Vis.
2457242.7139,12.6,Vis.
2457244.3924,12.4,Vis.
2457244.75278,12,Vis.
2457246.3,12.3,Vis.
2457246.48889,12,Vis.
2457246.65694,12.2,Vis.
2457246.7,12.4,Vis.
2457246.7444,12,Vis.
2457248.45,12.2,Vis.
2457249.4174,11.9,Vis.
2457251.6,12,Vis.
2457253.27431,11.6,Vis.
2457253.42917,11.4,Vis.
2457253.43681,11.7,Vis.
2457254.49,11.4,Vis.
2457255.4069,11.8,Vis.
2457256.643,11.4,Vis.
2457257.4264,11.7,Vis.
2457257.4375,11.8,Vis.
2457257.92153,10.7,Vis.
2457258.3,11.6,Vis.
2457258.3,11.9,Vis.
2457258.4167,11.5,Vis.
2457258.68264,11.1,Vis.
2457259.4965,10.9,Vis.
2457259.60972,11.3,Vis.
2457261.8,11.4,Vis.
2457263.64444,10.7,Vis.
2457264.25972,10.3,Vis.
2457264.3403,11.2,Vis.
2457265.366,11.1,Vis.
2457265.4021,10.7,Vis.
2457267.3806,10.3,Vis.
2457267.581,10.1,Vis.
2457268.3,10.8,Vis.
2457268.4,10.3,Vis.
2457268.68403,10.6,Vis.
2457269.5056,11,Vis.
2457269.8,10.3,Vis.
2457270.26458,9.4,Vis.
2457270.3819,11,Vis.
2457271.5139,10.9,Vis.
2457271.59,10,Vis.
2457272.4,10,Vis.
2457272.5,10.6,Vis.
2457272.6,10.2,Vis.
2457272.61875,9.9,Vis.
2457273.3361,10.1,Vis.
2457274.25069,9.1,Vis.
2457274.4049,10.3,Vis.
2457274.62,9.7,Vis.
2457275.31,9.1,Vis.
2457275.5292,10.2,Vis.
2457276.3813,9.5,Vis.
2457276.3958,9.6,Vis.
2457276.53542,9.7,Vis.
2457276.59,9.1,Vis.
2457277.24514,9,Vis.
2457277.3729,10.1,Vis.
2457277.4757,9.8,Vis.
2457277.69167,9.7,Vis.
2457278.351,9.6,Vis.
2457278.4,9.3,Vis.
2457278.5,9.8,Vis.
2457279.42847,9.6,Vis.
2457279.4659,9.6,Vis.
2457279.59931,9.5,Vis.
2457279.8,9.2,Vis.
2457280.578,9.5,Vis.
2457280.66875,9.5,Vis.
2457281.4,8.9,Vis.
2457281.6354,9,Vis.
2457282.3,9.8,Vis.
2457282.59,8.8,Vis.
2457283.24792,8.9,Vis.
2457283.3,10,Vis.
2457283.31389,8.3,Vis.
2457283.42639,9.2,Vis.
2457283.6083,9.2,Vis.
2457284.36,8.8,Vis.
2457284.4,8.9,Vis.
2457284.5222,9.5,Vis.
2457284.68819,9.3,Vis.
2457285.39514,8.8,Vis.
2457285.6,9.2,Vis.
2457286.6125,8.9,Vis.
2457286.627,9.2,Vis.
2457287.36042,8.9,Vis.
2457287.42153,9.2,Vis.
2457287.4583,9.2,Vis.
2457288.70486,8.8,Vis.
2457289.3,8.4,Vis.
2457289.8,8.7,Vis.
2457290.6153,8.6,Vis.
2457290.625,8.8,Vis.
2457292.22153,8.8,Vis.
2457292.35,8.6,Vis.
2457292.4,8.8,Vis.
2457293.3,8.5,Vis.
2457293.35,8.7,Vis.
2457293.604,8.6,Vis.
2457294.33125,8.1,Vis.
2457294.33333,8.4,Vis.
2457294.4382,8.7,Vis.
2457295.2472,8.5,Vis.
2457295.4,8.4,Vis.
2457295.61,8.5,Vis.
2457296.3201,8.2,Vis.
2457296.3931,8.3,Vis.
2457296.67153,8.5,Vis.
2457297.3,8.5,Vis.
2457297.3472,8.1,Vis.
2457297.5,8.3,Vis.
2457298.23056,8.3,Vis.
2457298.3,8.2,Vis.
2457298.302,8.4,Vis.
2457298.32,8.3,Vis.
2457298.34,8.4,Vis.
2457298.4035,8.1,Vis.
2457299.3,7.8,Vis.
2457299.3083,8,Vis.
2457299.34722,8.6,Vis.
2457299.5069,8,Vis.
2457299.5882,8.1,Vis.
2457300.68727,8.4,Vis.
2457302.36,7.8,Vis.
2457302.76389,8.4,Vis.
2457303.372,8.4,Vis.
2457303.6,8.1,Vis.
2457304.2451,8,Vis.
2457305.21875,7.8,Vis.
2457305.37,7.7,Vis.
2457306.25833,8,Vis.
2457306.26458,8,Vis.
2457306.3979,8,Vis.
2457306.52153,8.4,Vis.
2457306.5458,7.9,Vis.
2457306.5882,8,Vis.
2457306.60903,8,Vis.
2457307.2486,7.8,Vis.
2457307.284,7.8,Vis.
2457307.3604,9.6,Vis.
2457307.4,7.8,Vis.
2457307.531,8.3,Vis.
2457308.3,8.2,Vis.
2457308.37,7.5,Vis.
2457309.5,8,Vis.
2457310.45069,8,Vis.
2457310.55,7.9,Vis.
2457312.25347,8.3,Vis.
2457312.4236,7.8,Vis.
2457312.58681,8.1,Vis.
2457313.22,7.9,Vis.
2457313.5,7.6,Vis.
2457314.16843,8.2,Vis.
2457314.66597,7.9,Vis.
2457315.2646,7.9,Vis.
2457316.28,7.5,Vis.
2457317.3,7.4,Vis.
2457318.2,8.2,Vis.
2457318.25,8.2,Vis.
2457318.38542,7.9,Vis.
2457318.434,7.8,Vis.
2457318.5285,7.6,Vis.
2457319.3181,7.7,Vis.
2457319.544,7.5,Vis.
2457321.19792,8.2,Vis.
2457321.23958,7.7,Vis.
2457321.24653,7.5,Vis.
2457321.34,7.5,Vis.
2457321.3861,7.7,Vis.
2457321.5083,7.5,Vis.
2457322.3146,7.5,Vis.
2457323.2611,7.6,Vis.
2457323.3,8,Vis.
2457324.2333,7.5,Vis.
2457324.64514,7.5,Vis.
2457325.3,7.5,Vis.
2457325.403,7.22,Vis.
2457325.5,7.3,Vis.
2457326.22292,8.2,Vis.
2457326.25,7.8,Vis.
2457326.35,7.3,Vis.
2457326.367,7.4,Vis.
2457326.5167,7.6,Vis.
2457326.55,7.5,Vis.
2457326.6,7.6,Vis.
2457327.2875,7.4,Vis.
2457327.29,7.5,Vis.
2457327.374,7.05,Vis.
2457328.2326,7.6,Vis.
2457328.271,7.8,Vis.
2457328.3,7.4,Vis.
2457328.3229,7.7,Vis.
2457328.35278,7.5,Vis.
2457328.3736,7.8,Vis.
2457328.409,7.12,Vis.
2457329.2473,7.6,Vis.
2457329.353,7.4,Vis.
2457329.39792,7.8,Vis.
2457329.4368,7.6,Vis.
2457329.5,7.4,Vis.
2457329.5465,7.6,Vis.
2457329.611,8,Vis.
2457329.64583,7.7,Vis.
2457329.71042,7.5,Vis.
2457330.29306,7.6,Vis.
2457330.29375,7.5,Vis.
2457330.4063,7.6,Vis.
2457330.4125,7.4,Vis.
2457330.52222,8,Vis.
2457331.18,8.1,Vis.
2457331.2,7.4,Vis.
2457331.3,7.5,Vis.
2457331.5792,8,Vis.
2457333.18333,7,Vis.
2457333.5,7.5,Vis.
2457334.28,7.7,Vis.
2457334.378,7.9,Vis.
2457335.209,7.5,Vis.
2457335.23056,7.7,Vis.
2457335.23542,7.5,Vis.
2457335.2603,7.6,Vis.
2457335.53542,7.7,Vis.
2457335.614,7.5,Vis.
2457335.63958,7.5,Vis.
2457336.343,7.28,Vis.
2457336.5,7.8,Vis.
2457337.2,8.1,Vis.
2457337.31528,7.9,Vis.
2457337.31736,7.4,Vis.
2457338.23,7.7,Vis.
2457338.3,7.7,Vis.
2457338.36181,7.6,Vis.
2457338.4,7.9,Vis.
2457339.2271,7.4,Vis.
2457339.3,7.8,Vis.
2457339.3,7.8,Vis.
2457339.3215,8.2,Vis.
2457339.3639,7.8,Vis.
2457339.42,7.5,Vis.
2457339.49514,7.9,Vis.
2457340.17778,7,Vis.
2457341.29722,8,Vis.
2457342.23889,7.5,Vis.
2457342.258,7.4,Vis.
2457342.3312,8,Vis.
2457342.4,7.8,Vis.
2457342.4854,7.9,Vis.
2457342.5,7.8,Vis.
2457342.5,7.6,Vis.
2457342.614,8.6,Vis.
2457343.23,8.3,Vis.
2457344.38,7.9,Vis.
2457345.2465,7.7,Vis.
2457345.56319,7.7,Vis.
2457346.5,7.9,Vis.
2457347.17153,7.2,Vis.
2457348.306,8.5,Vis.
2457348.36,8,Vis.
2457349.22361,7.7,Vis.
2457349.24167,7.9,Vis.
2457349.55139,8,Vis.
2457350.2,8.1,Vis.
2457350.4,7.8,Vis.
2457350.4,7.9,Vis.
2457350.4292,7.7,Vis.
2457352.578,8.5,Vis.
2457354.22917,8.1,Vis.
2457354.2861,8,Vis.
2457354.28819,8.1,Vis.
2457354.33,8,Vis.
2457355.35694,8,Vis.
2457356.52222,8.2,Vis.
2457357.2646,8.5,Vis.
2457357.3,8.4,Vis.
2457357.5,8.1,Vis.
2457358.2,8.5,Vis.
2457358.2632,8.4,Vis.
2457358.28,10,Vis.
2457358.3,7.9,Vis.
2457358.4,8,Vis.
2457358.92986,7.8,Vis.
2457359.25,8.2,Vis.
2457359.56389,8.2,Vis.
2457361.3229,8.4,Vis.
2457361.385,8.4,Vis.
2457361.5,8.4,Vis.
2457363.3,8.2,Vis.
2457364.1563,8.7,Vis.
2457364.28958,8.2,Vis.
2457364.30556,8.7,Vis.
2457364.31458,8.5,Vis.
2457365.2549,8.8,Vis.
2457365.3,8.5,Vis.
2457365.549,8.7,Vis.
2457366.25833,8.6,Vis.
2457367.1903,8.5,Vis.
2457367.4153,8.7,Vis.
2457368.3,8.5,Vis.
2457368.684,8.7,Vis.
2457369.3,8.9,Vis.
2457369.4,8.5,Vis.
2457370.27361,9,Vis.
2457371.53403,9.1,Vis.
2457373.5,9.4,Vis.
2457375.57222,9.8,Vis.
2457375.7208,9.1,Vis.
2457376.33,9,Vis.
2457376.6813,9.3,Vis.
2457377.2111,9.2,Vis.
2457377.3,9.6,Vis.
2457377.5,9.1,Vis.
2457379.3,9,Vis.
2457379.3,8.9,Vis.
2457379.6979,9.3,Vis.
2457380.2,9.8,Vis.
2457380.341,9.4,Vis.
2457381.25,9.7,Vis.
2457383.20556,9.4,Vis.
2457384.24444,9.4,Vis.
2457385.34028,10.3,Vis.
2457386.2444,10.2,Vis.
2457387.2125,9.6,Vis.
2457387.22,10.5,Vis.
2457387.24931,9.8,Vis.
2457387.25208,10,Vis.
2457387.2965,10.2,Vis.
2457387.3,9.1,Vis.
2457387.3694,10.2,Vis.
2457388.31,10.5,Vis.
2457390.2306,10.3,Vis.
2457390.47222,10.7,Vis.
2457391.22,10.7,Vis.
2457391.225,10,Vis.
2457391.22917,10.3,Vis.
2457391.25,10.4,Vis.
2457391.5,10.1,Vis.
2457392.2187,10.9,Vis.
2457393.19444,10.1,Vis.
2457394.7389,10.7,Vis.
2457395.53958,10.5,Vis.
2457395.7021,10.8,Vis.
2457396.275,10.9,Vis.
2457397.3569,11,Vis.
2457400.3201,11.4,Vis.
2457400.52986,11.1,Vis.
2457403.2868,10,Vis.
2457405.2021,11.2,Vis.
2457405.2653,11.1,Vis.
2457405.9,11.5,Vis.
2457406.2,11.2,Vis.
2457409.2,11.8,Vis.
2457409.725,11.7,Vis.
2457410.23264,11.7,Vis.
2457410.23472,11.7,Vis.
2457411.025,10.7,Vis.
2457412.3,12,Vis.
2457416.24444,11.8,Vis.
2457416.24861,11.7,Vis.
2457416.6986,12.1,Vis.
2457417.01458,11.9,Vis.
2457417.2,11.5,Vis.
2457424.0125,12,Vis.
2457425.6951,12.4,Vis.
2457426,12,Vis.
2457429.01111,12,Vis.
2457434.2375,12.3,Vis.
2457435.6972,12,Vis.
2457435.7042,12.3,Vis.
2457436.8,11.9,Vis.
2457436.99028,11.9,Vis.
2457442.6944,11.7,Vis.
2457443.9875,11.7,Vis.
2457444.7097,11.6,Vis.
2457445.6493,11.5,Vis.
2457451.7153,11.2,Vis.
2457453.9,10.8,Vis.
2457456.675,10.9,Vis.
2457462.68,9.8,Vis.
2457463.6118,10.5,Vis.
2457464.8,9.9,Vis.
2457465.58,10,Vis.
2457465.6368,10.3,Vis.
2457465.6528,9.9,Vis.
2457465.68,9.7,Vis.
2457469.69,8.9,Vis.
2457472.97431,9.5,Vis.
2457474.63,8.8,Vis.
2457476.63,8.8,Vis.
2457476.9,8.9,Vis.
2457476.909,8.8,Vis.
2457478.4139,8.8,Vis.
2457479.573,8.9,Vis.
2457480.5979,8.7,Vis.
2457481.5799,8.7,Vis.
2457481.95069,8.6,Vis.
2457484.5285,8.2,Vis.
2457485.3951,8.5,Vis.
2457485.64,7.7,Vis.
2457486.3882,8.1,Vis.
2457487.3847,8,Vis.
2457487.8,7.8,Vis.
2457488.58,8.3,Vis.
2457489.4854,7.8,Vis.
2457490.6361,8.2,Vis.
2457490.8313,7.6,Vis.
2457491.4944,7.7,Vis.
2457492.6146,7.4,Vis.
2457493.4472,7.7,Vis.
2457493.8722,7.2,Vis.
2457494.3,7.5,Vis.
2457494.3285,7.7,Vis.
2457494.56,7.3,Vis.
2457495.503,7.9,Vis.
2457495.66,7.8,Vis.
2457495.9014,7.3,Vis.
2457496.6125,7.7,Vis.
2457496.9,7.5,Vis.
2457497.4028,7.3,Vis.
2457497.5639,7.6,Vis.
2457498.85,7.4,Vis.
2457499.35,8,Vis.
2457499.3847,7.3,Vis.
2457499.3938,7.5,Vis.
2457500.3931,7.5,Vis.
2457500.3951,7.1,Vis.
2457501.4965,7.5,Vis.
2457501.646,7.4,Vis.
2457501.92778,7.3,Vis.
2457502.41597,7.5,Vis.
2457502.4667,7.5,Vis.
2457503.5625,7.5,Vis.
2457504.5139,7.1,Vis.
2457504.521,7.6,Vis.
2457504.56,7,Vis.
2457504.925,7.5,Vis.
2457505.8417,7,Vis.
2457506.8,7.3,Vis.
2457507.3438,7.5,Vis.
2457507.4514,7.4,Vis.
2457508.39,7.5,Vis.
2457508.4153,7.3,Vis.
2457509.5,7.3,Vis.
2457509.51875,7.7,Vis.
2457509.566,7.5,Vis.
2457510.3646,7.5,Vis.
2457511.339,7.3,Vis.
2457511.36,6.8,Vis.
2457512.4604,7.6,Vis.
2457512.90694,7.1,Vis.
2457513.355,7.2,Vis.
2457513.524,7.6,Vis.
2457513.6236,8,Vis.
2457513.8736,7.2,Vis.
2457514.385,7.2,Vis.
2457514.4132,7.5,Vis.
2457515.359,7.3,Vis.
2457515.376,7.5,Vis.
2457515.3806,7.5,Vis.
2457515.3979,7.6,Vis.
2457515.4097,7.3,Vis.
2457515.4229,7.9,Vis.
2457516.325,7.5,Vis.
2457516.3681,7.5,Vis.
2457516.378,7.2,Vis.
2457516.38,7.2,Vis.
2457516.48,7.1,Vis.
2457516.51,7.5,Vis.
2457516.6,7.2,Vis.
2457516.8667,7.4,Vis.
2457517.3,8.1,Vis.
2457517.368,7,Vis.
2457517.3875,7.6,Vis.
2457518.384,7.3,Vis.
2457518.389,7.2,Vis.
2457518.3958,7.5,Vis.
2457518.8,7.6,Vis.
2457519.3427,7.75,Vis.
2457519.3549,7.5,Vis.
2457519.37917,7.6,Vis.
2457519.386,7.4,Vis.
2457520.3944,7.6,Vis.
2457520.5229,7.5,Vis.
2457521.5764,7.6,Vis.
2457521.76736,8,Vis.
2457522.4653,7.5,Vis.
2457523.397,7.4,Vis.
2457523.59,7.2,Vis.
2457524.5,7.9,Vis.
2457525.441,7.9,Vis.
2457529.4444,7.7,Vis.
2457529.71458,8.1,Vis.
2457531.4,7.7,Vis.
2457531.51,7.9,Vis.
2457531.62222,7.7,Vis.
2457531.8,8,Vis.
2457531.8375,7.7,Vis.
2457534.5,8,Vis.
2457535.3,8.3,Vis.
2457535.406,7.4,Vis.
2457535.4493,8,Vis.
2457535.4556,8,Vis.
2457536.4535,7.9,Vis.
2457536.458,8.1,Vis.
2457537.4,8.2,Vis.
2457537.50069,7.9,Vis.
2457537.51,7.8,Vis.
2457537.69583,8.3,Vis.
2457538.3771,8.1,Vis.
2457539.39,8.3,Vis.
2457539.3951,8.3,Vis.
2457540.39,8,Vis.
2457542.6,8.3,Vis.
2457542.7653,8,Vis.
2457543.33889,8.5,Vis.
2457543.4229,8.3,Vis.
2457543.45139,8.4,Vis.
2457543.47639,8.3,Vis.
2457543.6,8.3,Vis.
2457543.79514,8.4,Vis.
2457545.434,8.3,Vis.
2457545.46667,8.3,Vis.
2457545.5,8.5,Vis.
2457546.4,8.6,Vis.
2457546.4181,8.3,Vis.
2457546.43,7.9,Vis.
2457546.45486,8.3,Vis.
2457546.497,8.6,Vis.
2457546.68056,8.5,Vis.
2457547.4,8.3,Vis.
2457547.42986,8.5,Vis.
2457547.44861,8.3,Vis.
2457547.4601,8.4,Vis.
2457547.6,8.5,Vis.
2457547.69236,8.2,Vis.
2457548.28611,8.3,Vis.
2457548.41,8.4,Vis.
2457548.4271,8.4,Vis.
2457549.4167,8.4,Vis.
2457549.41736,8.4,Vis.
2457550.4167,8.5,Vis.
2457551.41319,8.7,Vis.
2457551.43,8.8,Vis.
2457552.6,8.7,Vis.
2457555.28264,8.7,Vis.
2457555.3938,8.7,Vis.
2457556.3,8.6,Vis.
2457556.4,8.8,Vis.
2457556.4451,8.9,Vis.
2457556.72639,9,Vis.
2457557.29722,8.8,Vis.
2457557.4014,8.7,Vis.
2457557.44,8.8,Vis.
2457557.656,8.8,Vis.
2457558.384,8.8,Vis.
2457558.44,9,Vis.
2457559.67986,8.7,Vis.
2457559.7347,8.65,Vis.
2457561.3944,8.8,Vis.
2457561.42986,9.1,Vis.
2457561.5354,9.3,Vis.
2457562.4014,9.4,Vis.
2457562.4028,8.9,Vis.
2457562.4312,9.1,Vis.
2457562.6,9.1,Vis.
2457563.384,8.5,Vis.
2457563.4153,9,Vis.
2457563.44,8.8,Vis.
2457564.30278,8.9,Vis.
2457564.4035,9.1,Vis.
2457564.6875,9.4,Vis.
2457564.7431,8.9,Vis.
2457565.638,9.3,Vis.
2457565.65139,9.1,Vis.
2457565.716,9,Vis.
2457566.3889,9.2,Vis.
2457566.62917,8.7,Vis.
2457567.36597,9.3,Vis.
2457568.3,8.7,Vis.
2457568.3674,9.2,Vis.
2457569.39,8.6,Vis.
2457569.7681,9.6,Vis.
2457570.4,9.5,Vis.
2457571.29653,9.2,Vis.
2457571.3965,9.3,Vis.
2457571.41944,9.4,Vis.
2457571.42153,9.5,Vis.
2457571.434,9.1,Vis.
2457571.44,8.9,Vis.
2457572.4417,9.3,Vis.
2457572.4576,9.3,Vis.
2457572.5,9.5,Vis.
2457572.65903,9.5,Vis.
2457573.384,9.5,Vis.
2457573.50278,8.8,Vis.
2457573.6,9.3,Vis.
2457573.68333,9.5,Vis.
2457573.6986,9.7,Vis.
2457574.28472,9.3,Vis.
2457574.3972,9.3,Vis.
2457575.39,9,Vis.
2457575.48889,8.8,Vis.
2457575.5382,9.9,Vis.
2457576.3771,9.4,Vis.
2457576.5,9,Vis.
2457576.64,9.4,Vis.
2457577.29653,9.3,Vis.
2457577.4,9.2,Vis.
2457577.4528,10.2,Vis.
2457577.5,9.8,Vis.
2457577.70764,9.7,Vis.
2457578.44,9.1,Vis.
2457579.4,10,Vis.
2457579.4,10.2,Vis.
2457579.42292,8.8,Vis.
2457580.3,9.9,Vis.
2457580.633,9.9,Vis.
2457582.66667,9.8,Vis.
2457583.4076,9.3,Vis.
2457583.459,9.8,Vis.
2457583.47,9.8,Vis.
2457583.5,9.9,Vis.
2457584.4167,10.1,Vis.
2457584.5799,10.3,Vis.
2457584.8,9.8,Vis.
2457585.4396,10,Vis.
2457586.47,9.9,Vis.
2457586.643,9.2,Vis.
2457587.64931,10.5,Vis.
2457588.3792,9.9,Vis.
2457588.4639,10.2,Vis.
2457588.46875,10.9,Vis.
2457589.3701,10.2,Vis.
2457589.56,10.3,Vis.
2457590.3583,10.2,Vis.
2457590.635,10.6,Vis.
2457591.4688,10.5,Vis.
2457591.67431,10.3,Vis.
2457592.3583,10.8,Vis.
2457592.47,10.1,Vis.
2457592.71736,10.5,Vis.
2457593.5104,10.9,Vis.
2457593.6,10.3,Vis.
2457593.78137,11.2,Vis.
2457594.3,11,Vis.
2457594.3972,10.8,Vis.
2457595.5,10.5,Vis.
2457596.3889,10.9,Vis.
2457598.29583,10,Vis.
2457599.43,10.8,Vis.
2457599.47,10.6,Vis.
2457600.3701,10.7,Vis.
2457601.4181,10.9,Vis.
2457602.27708,10.6,Vis.
2457602.366,11.1,Vis.
2457602.5,11,Vis.
2457602.50972,11,Vis.
2457602.51181,11.5,Vis.
2457602.65764,12,Vis.
2457603.3792,10.9,Vis.
2457603.42639,11.4,Vis.
2457603.6,10.9,Vis.
2457604.36042,11,Vis.
2457604.4,11.8,Vis.
2457605.36,11.9,Vis.
2457605.7729,11.1,Vis.
2457606.3,11.3,Vis.
2457607.38,11.2,Vis.
2457607.6556,11.3,Vis.
2457607.7435,11.6,Vis.
2457607.74653,11.5,Vis.
2457608.3632,11.2,Vis.
2457608.4,11.4,Vis.
2457608.55,11.9,Vis.
2457608.6,11.5,Vis.
2457609.28125,11.2,Vis.
2457609.661,11.1,Vis.
2457611.46875,11.5,Vis.
2457611.47153,11.2,Vis.
2457611.65625,11.6,Vis.
2457612.6,11.5,Vis.
2457613.27431,11.6,Vis.
2457613.62,11.9,Vis.
2457618.3,11.7,Vis.
2457619.3167,11.6,Vis.
2457620.37361,12,Vis.
2457620.4444,11.9,Vis.
2457621.614,11.2,Vis.
2457622.375,10.9,Vis.
2457623.26944,11.6,Vis.
2457623.4146,11.8,Vis.
2457623.7208,11.5,Vis.
2457624.59792,11.1,Vis.
2457625.31181,11.1,Vis.
2457625.61736,11.6,Vis.
2457626.46597,11.5,Vis.
2457627.38611,11.5,Vis.
2457627.38819,11.1,Vis.
2457627.39653,11.3,Vis.
2457627.4,12.1,Vis.
2457627.6,11.7,Vis.
2457627.60556,11.8,Vis.
2457627.62,11.3,Vis.
2457628.27153,11.3,Vis.
2457628.74167,11.4,Vis.
2457629.3,11.6,Vis.
2457629.4,11,Vis.
2457629.4306,10.9,Vis.
2457629.86181,11.2,Vis.
2457630.6215,11.7,Vis.
2457630.65487,11.3,Vis.
2457631.3604,11.2,Vis.
2457631.6,11.4,Vis.
2457632.3403,11.6,Vis.
2457632.59,11.3,Vis.
2457632.6,11.3,Vis.
2457632.6389,11.3,Vis.
2457633.3,11.1,Vis.
2457633.3,12.4,Vis.
2457633.3396,11.6,Vis.
2457633.6,10.4,Vis.
2457633.6125,11.7,Vis.
2457634.25556,11,Vis.
2457635.59,10.6,Vis.
2457636.3132,11.6,Vis.
2457636.596,10.7,Vis.
2457636.6722,11,Vis.
2457637.7,10.9,Vis.
2457638.6,10.2,Vis.
2457638.6042,11,Vis.
2457639.29,10.7,Vis.
2457639.30486,10.6,Vis.
2457639.30486,10.8,Vis.
2457639.33,10.6,Vis.
2457639.4236,10.7,Vis.
2457639.425,10.9,Vis.
2457639.6,10.8,Vis.
2457640.3,10.5,Vis.
2457640.3174,11.1,Vis.
2457640.45,11,Vis.
2457641.24583,10.3,Vis.
2457641.42708,10.2,Vis.
2457641.60069,10.6,Vis.
2457641.78542,10.4,Vis.
2457642.59,10.1,Vis.
2457643.2889,10.7,Vis.
2457643.3354,10.7,Vis.
2457644.36042,10.2,Vis.
2457644.3625,10.2,Vis.
2457645.3653,10.5,Vis.
2457646.2778,10.4,Vis.
2457646.8,9.7,Vis.
2457647.2986,10.3,Vis.
2457649.24444,9.9,Vis.
2457649.41,9.1,Vis.
2457651.3778,10.1,Vis.
2457651.40278,9.5,Vis.
2457651.66111,9.7,Vis.
2457652.3583,9.77,Vis.
2457652.61875,9.5,Vis.
2457653.35417,9.3,Vis.
2457653.35486,9.4,Vis.
2457654.58,8.9,Vis.
2457655.3292,9.5,Vis.
2457655.36111,8.2,Vis.
2457655.5,8.8,Vis.
2457655.59444,10,Vis.
2457656.2729,9.1,Vis.
2457656.3597,9.3,Vis.
2457656.36597,8.6,Vis.
2457656.6,8.8,Vis.
2457656.6215,9.5,Vis.
2457657.28,9.9,Vis.
2457657.39375,8.5,Vis.
2457658.29514,9.2,Vis.
2457658.42,8.8,Vis.
2457658.69097,8.9,Vis.
2457659.29028,8.7,Vis.
2457659.29653,8.8,Vis.
2457659.574,8.9,Vis.
2457660.31,8.6,Vis.
2457661.3451,8.6,Vis.
2457661.4,8.2,Vis.
2457662.41,8,Vis.
2457662.57153,8.6,Vis.
2457663.5146,8.3,Vis.
2457664.5,8.5,Vis.
2457664.72986,8.6,Vis.
2457665.3694,8.14,Vis.
2457665.3965,8.4,Vis.
2457665.4,7.9,Vis.
2457666.3965,8.1,Vis.
2457666.6,7.9,Vis.
2457667.6903,7.7,Vis.
2457668.5549,8.2,Vis.
2457669.3,8.4,Vis.
2457670.20764,8.3,Vis.
2457671.31,8.1,Vis.
2457671.4,7.5,Vis.
2457671.65903,7.6,Vis.
2457672.4056,7.77,Vis.
2457672.41,6.8,Vis.
2457674.594,7.2,Vis.
2457676.21875,7.2,Vis.
2457677.27222,7.4,Vis.
2457677.35625,8,Vis.
2457677.58403,7.3,Vis.
2457678.36875,7.3,Vis.
2457678.44,7,Vis.
2457679.35764,7.4,Vis.
2457680.4028,7.11,Vis.
2457680.6,7.3,Vis.
2457682.4,7,Vis.
2457682.5,7.2,Vis.
2457683.3,7.3,Vis.
2457683.33,7,Vis.
2457683.59583,7.3,Vis.
2457684.3,8,Vis.
2457684.32986,7.3,Vis.
2457685.267,7.8,Vis.
2457687.30694,7,Vis.
2457689.5,7,Vis.
2457689.56944,6.8,Vis.
2457690.22,7.3,Vis.
2457690.4514,7.16,Vis.
2457690.5,7.1,Vis.
2457691.24931,6.8,Vis.
2457691.26667,7,Vis.
2457691.35,7.2,Vis.
2457691.7125,7.1,Vis.
2457692.2083,7.3,Vis.
2457692.4,7.3,Vis.
2457693.259,6.66,Vis.
2457693.3,7.3,Vis.
2457693.32222,7.2,Vis.
2457693.3458,6.7,Vis.
2457693.4,7.6,Vis.
2457693.538,7.3,Vis.
2457694.32083,7.1,Vis.
2457694.4,7.2,Vis.
2457694.438,7.7,Vis.
2457695.18264,7,Vis.
2457695.442,7.26,Vis.
2457696.27,7.1,Vis.
2457696.27,7,Vis.
2457696.4271,7,Vis.
2457697.2,8,Vis.
2457699.191,7.3,Vis.
2457699.5,7.2,Vis.
2457700.3021,6.9,Vis.
2457700.5,7,Vis.
2457700.634,6.9,Vis.
2457701.3319,6.9,Vis.
2457701.3681,7.2,Vis.
2457702.4278,7.05,Vis.
2457703.23958,7,Vis.
2457703.26,7.1,Vis.
2457703.3153,6.7,Vis.
2457704.24236,7,Vis.
2457704.327,7.3,Vis.
2457705.2819,6.8,Vis.
2457706.3125,7.3,Vis.
2457706.41319,7.4,Vis.
2457706.58819,6.9,Vis.
2457707.3785,7.2,Vis.
2457708.2708,6.9,Vis.
2457708.57292,6.8,Vis.
2457709.3389,7,Vis.
2457710.3,6.5,Vis.
2457710.5,7.2,Vis.
2457710.51458,6.9,Vis.
2457711.18611,7,Vis.
2457712.2,8,Vis.
2457712.4,7.3,Vis.
2457713.2319,7.6,Vis.
2457713.2938,7.4,Vis.
2457714.25,7.2,Vis.
2457714.28,7.2,Vis.
2457714.3,7.2,Vis.
2457715.2,6.6,Vis.
2457715.2056,7.2,Vis.
2457715.416,7.3,Vis.
2457715.4465,7.6,Vis.
2457716.3181,7.5,Vis.
2457716.55833,7.5,Vis.
2457717.23819,7.1,Vis.
2457717.27222,7.2,Vis.
2457717.3264,7.6,Vis.
2457718.2715,7.9,Vis.
2457718.28472,7,Vis.
2457718.29,7.9,Vis.
2457718.3958,7.4,Vis.
2457718.4,7.5,Vis.
2457719.234,7.8,Vis.
2457719.3,7.3,Vis.
2457720.2472,7.8,Vis.
2457720.28264,7.4,Vis.
2457720.3,7,Vis.
2457720.6,7.5,Vis.
2457720.6868,7.6,Vis.
2457721.2,6.8,Vis.
2457721.22569,7.6,Vis.
2457721.2451,7.3,Vis.
2457721.2507,7.7,Vis.
2457721.3083,7.6,Vis.
2457721.3236,7.6,Vis.
2457721.357,7.3,Vis.
2457721.434,8,Vis.
2457722.22431,7.4,Vis.
2457722.23,7.3,Vis.
2457722.24,7.4,Vis.
2457722.26042,7.7,Vis.
2457722.3,7.5,Vis.
2457723.24,7.5,Vis.
2457723.2444,7.8,Vis.
2457723.2771,6.8,Vis.
2457723.57986,7.5,Vis.
2457724.3236,7.8,Vis.
2457725.2021,7.6,Vis.
2457725.2493,7.9,Vis.
2457725.26528,7.7,Vis.
2457725.3,7.7,Vis.
2457725.3,6.8,Vis.
2457725.36,7.2,Vis.
2457726.2,8,Vis.
2457726.22,7.9,Vis.
2457726.3,7.4,Vis.
2457726.3,7.6,Vis.
2457726.3111,7.7,Vis.
2457726.3354,8.1,Vis.
2457726.3382,7.3,Vis.
2457726.34306,7.6,Vis.
2457726.4,7.3,Vis.
2457727.242,7.4,Vis.
2457727.2624,8.8,Vis.
2457727.3,7.6,Vis.
2457727.30417,7.8,Vis.
2457727.3569,7.9,Vis.
2457727.4319,7.6,Vis.
2457727.7,7.7,Vis.
2457728.3,6.9,Vis.
2457728.33,8,Vis.
2457729.24,7.4,Vis.
2457729.2847,7.5,Vis.
2457729.3118,7.7,Vis.
2457729.31319,7.6,Vis.
2457729.31736,7.6,Vis.
2457730.6,7.8,Vis.
2457731.2715,7.7,Vis.
2457731.2764,7.3,Vis.
2457731.4347,7.6,Vis.
2457732.23264,7.8,Vis.
2457732.4,7.8,Vis.
2457733.2174,7.7,Vis.
2457734.25,7.6,Vis.
2457735.7188,7.6,Vis.
2457736.2312,7.9,Vis.
2457737.2208,8,Vis.
2457737.26,7.7,Vis.
2457738.54375,8.2,Vis.
2457739.22,8.2,Vis.
2457739.3,8,Vis.
2457739.3,7.9,Vis.
2457739.3,7.7,Vis.
2457739.7188,7.7,Vis.
2457740.3,8,Vis.
2457741.25,7.8,Vis.
2457741.5,8.3,Vis.
2457742.3,8,Vis.
2457742.7257,7.8,Vis.
2457743.1951,8,Vis.
2457743.20486,8.1,Vis.
2457744.1972,8,Vis.
2457744.35347,8,Vis.
2457745.3,8.1,Vis.
2457747.52292,8.4,Vis.
2457748.25,8.1,Vis.
2457749.24,8.9,Vis.
2457749.253,8.7,Vis.
2457749.2993,8.6,Vis.
2457749.3,8.4,Vis.
2457749.3,8.6,Vis.
2457750.21111,8.5,Vis.
2457750.21528,8.9,Vis.
2457750.2389,8.9,Vis.
2457750.3,8.4,Vis.
2457751.2,9,Vis.
2457751.2,8.5,Vis.
2457751.25,8.6,Vis.
2457751.27361,8.7,Vis.
2457751.3,8.6,Vis.
2457752.258,8.8,Vis.
2457752.416,8.7,Vis.
2457752.7243,8.7,Vis.
2457753.21319,8.5,Vis.
2457753.2297,9,Vis.
2457753.4306,8.7,Vis.
2457753.5,8.7,Vis.
2457754.3,9.1,Vis.
2457754.3,8.7,Vis.
2457754.3646,8.8,Vis.
2457755.1708,8.4,Vis.
2457755.1813,9.1,Vis.
2457755.49097,8.8,Vis.
2457756.1715,9.5,Vis.
2457756.19583,8.8,Vis.
2457756.2007,9.1,Vis.
2457756.2125,8.7,Vis.
2457756.3646,9.1,Vis.
2457756.54167,9,Vis.
2457756.76,8.8,Vis.
2457757.2083,8.8,Vis.
2457758.25,9.1,Vis.
2457758.3,9,Vis.
2457759.2,9,Vis.
2457759.25,9,Vis.
2457759.2646,9.5,Vis.
2457759.6938,9.3,Vis.
2457760.2,9.1,Vis.
2457760.3153,9.8,Vis.
2457760.4,9.2,Vis.
2457761.1924,9.1,Vis.
2457762.5,9.3,Vis.
2457763.6979,9.6,Vis.
2457764.22917,9.5,Vis.
2457764.23611,9.3,Vis.
2457765.19,10,Vis.
2457765.2,9.8,Vis.
2457765.25417,9.7,Vis.
2457766.19444,9.8,Vis.
2457766.55,9.8,Vis.
2457766.74,9.6,Vis.
2457767.4319,10.1,Vis.
2457768.1917,9.6,Vis.
2457768.2806,10.03,Vis.
2457769.1917,9.8,Vis.
2457769.1951,9.7,Vis.
2457769.209,10.3,Vis.
2457770.1951,9.8,Vis.
2457771.76,9.8,Vis.
2457772.3083,9.9,Vis.
2457773.2333,10,Vis.
2457773.68,10.1,Vis.
2457773.73958,10.7,Vis.
2457774.2014,10.1,Vis.
2457775.2,10.9,Vis.
2457775.266,11,Vis.
2457777.1986,10.2,Vis.
2457778.00139,10.8,Vis.
2457780.7118,11.2,Vis.
2457781.209,10.5,Vis.
2457781.23819,10.9,Vis.
2457781.24028,11,Vis.
2457781.7111,11.2,Vis.
2457782.6813,11.2,Vis.
2457782.99028,11.5,Vis.
2457784,11.4,Vis.
2457786.23125,11.5,Vis.
2457786.23403,11.3,Vis.
2457786.6243,11.5,Vis.
2457788.75,11.4,Vis.
2457793.7167,10.9,Vis.
2457794.95694,11.4,Vis.
2457797.7049,12.2,Vis.
2457798.2431,12.2,Vis.
2457800.6813,12.4,Vis.
2457803.5965,12.4,Vis.
2457808.69792,12.4,Vis.
2457826.96111,11.9,Vis.
2457831.5368,9.9,Vis.
2457834.68,11.8,Vis.
2457834.9,11.7,Vis.
2457834.91458,11.8,Vis.
2457837.63125,10.8,Vis.
2457839.6208,11.6,Vis.
2457840.4,7.6,Vis.
2457841.6583,11.5,Vis.
2457841.6806,11,Vis.
2457843.6632,11,Vis.
2457843.93403,10.9,Vis.
2457844.5,10.8,Vis.
2457845.9,10.9,Vis.
2457849.63,10,Vis.
2457851.63889,10,Vis.
2457852.5382,10.2,Vis.
2457852.6806,10.17,Vis.
2457852.93333,9.9,Vis.
2457853.5653,10.2,Vis.
2457853.61,9.7,Vis.
2457856.9,9.5,Vis.
2457857.63,8.9,Vis.
2457859.5979,9.3,Vis.
2457860.54,8.8,Vis.
2457861.4806,9.46,Vis.
2457866.8,8.7,Vis.
2457867.5,9.1,Vis.
2457867.56,8.8,Vis.
2457867.5715,8.6,Vis.
2457867.925,8.7,Vis.
2457870.4486,8.7,Vis.
2457871.54,8.8,Vis.
2457872.6,8,Vis.
2457873.4,8.4,Vis.
2457873.45833,8.8,Vis.
2457873.4861,8.7,Vis.
2457874.38,8.3,Vis.
2457874.4347,8.7,Vis.
2457874.48194,8.7,Vis.
2457874.48681,8.6,Vis.
2457874.73125,8.7,Vis.
2457874.87292,8.5,Vis.
2457876.3736,8.7,Vis.
2457876.4222,8.48,Vis.
2457876.7,8.5,Vis.
2457879.48,8.4,Vis.
2457879.90417,8.4,Vis.
2457880.4097,8.5,Vis.
2457880.7,8.5,Vis.
2457881.4,8.9,Vis.
2457881.51,8.7,Vis.
2457881.517,8.7,Vis.
2457883.8,8.5,Vis.
2457884.40278,8.4,Vis.
2457884.4201,8.3,Vis.
2457885.48,8.5,Vis.
2457886.70486,8.3,Vis.
2457887.4618,8.6,Vis.
2457887.69931,8.7,Vis.
2457888.36,8.3,Vis.
2457889.41,8.5,Vis.
2457891.4,8.5,Vis.
2457891.41944,8.1,Vis.
2457891.5368,8.6,Vis.
2457892.3,8.5,Vis.
2457892.4896,8.3,Vis.
2457893.4,8.7,Vis.
2457893.425,8,Vis.
2457893.4361,8.37,Vis.
2457893.58,7.7,Vis.
2457893.8,8.4,Vis.
2457894.42361,8.6,Vis.
2457895.40903,8,Vis.
2457895.4153,8.3,Vis.
2457895.5,8.3,Vis.
2457896.3958,8.3,Vis.
2457896.493,8.1,Vis.
2457896.6,8.3,Vis.
2457898.42,7.8,Vis.
2457898.4201,8.2,Vis.
2457898.48,8.2,Vis.
2457898.70972,8.1,Vis.
2457898.74931,8.5,Vis.
2457899.3597,8,Vis.
2457899.4007,8,Vis.
2457899.4625,8,Vis.
2457900.29861,8.5,Vis.
2457900.3681,7.4,Vis.
2457900.42,7.9,Vis.
2457900.4854,8.1,Vis.
2457901.4,8.2,Vis.
2457901.4049,8,Vis.
2457901.4375,8.1,Vis.
2457901.5,8.3,Vis.
2457902.4833,8.1,Vis.
2457902.5,8,Vis.
2457903.4167,7.95,Vis.
2457903.4465,8,Vis.
2457904.4924,8.1,Vis.
2457904.6,8.1,Vis.
2457905.3681,8.1,Vis.
2457905.42361,8.4,Vis.
2457905.71389,8.4,Vis.
2457906.41597,7.9,Vis.
2457906.4382,8.1,Vis.
2457906.7,8.1,Vis.
2457906.8938,8.1,Vis.
2457907.28681,8.2,Vis.
2457907.5,7.7,Vis.
2457908.441,8.2,Vis.
2457908.6,8.2,Vis.
2457908.622,8.4,Vis.
2457909.375,8.1,Vis.
2457909.4,8,Vis.
2457910.42708,8,Vis.
2457910.4736,8,Vis.
2457911.4896,8.3,Vis.
2457911.69236,8.2,Vis.
2457912.38,8.5,Vis.
2457912.4,8,Vis.
2457912.4,7.7,Vis.
2457913.43,8.1,Vis.
2457913.5535,8.2,Vis.
2457914.55,7.5,Vis.
2457915.29583,8.2,Vis.
2457915.4347,7.96,Vis.
2457915.44097,8.2,Vis.
2457915.45208,8,Vis.
2457917.416,8.2,Vis.
2457917.42,7.7,Vis.
2457917.42014,8,Vis.
2457917.647,8.5,Vis.
2457918.5,8.1,Vis.
2457918.5,8.4,Vis.
2457918.6,8,Vis.
2457919.30694,8.2,Vis.
2457919.38,8.4,Vis.
2457919.4,8.3,Vis.
2457919.4188,8.1,Vis.
2457919.43542,8.1,Vis.
2457919.6,8.3,Vis.
2457919.70417,8.4,Vis.
2457921.42,7.8,Vis.
2457922.44097,8.2,Vis.
2457922.44653,8.2,Vis.
2457922.5,8.9,Vis.
2457922.535,8.4,Vis.
2457922.5667,8.2,Vis.
2457923.4271,8.3,Vis.
2457923.45833,8.38,Vis.
2457923.4729,8.1,Vis.
2457924.4111,8.1,Vis.
2457924.6,8.5,Vis.
2457924.72917,8.6,Vis.
2457926.3,8.5,Vis.
2457926.39,9.3,Vis.
2457926.4403,8.3,Vis.
2457926.5,8.5,Vis.
2457928.36,8.6,Vis.
2457928.4083,8.3,Vis.
2457928.42,7.7,Vis.
2457929.31111,8.7,Vis.
2457929.4,8.2,Vis.
2457929.6,8.4,Vis.
2457930.479,8.6,Vis.
2457930.69375,8.7,Vis.
2457930.7229,8.5,Vis.
2457931.38,9,Vis.
2457931.42,8.6,Vis.
2457931.4375,8.51,Vis.
2457931.4639,8.4,Vis.
2457931.64861,8.6,Vis.
2457932.3,8.6,Vis.
2457932.4826,8.7,Vis.
2457932.8479,8.4,Vis.
2457933.4167,8.6,Vis.
2457933.4208,8.5,Vis.
2457934.4,8.4,Vis.
2457935.32431,8.6,Vis.
2457935.409,8.7,Vis.
2457935.68819,8.7,Vis.
2457936.67292,8.7,Vis.
2457937.35,8.6,Vis.
2457937.37,9.6,Vis.
2457937.47847,8.6,Vis.
2457937.48611,9.3,Vis.
2457938.42,8.8,Vis.
2457938.4264,8.6,Vis.
2457938.5,8.8,Vis.
2457938.656,8.8,Vis.
2457939.4278,8.7,Vis.
2457939.44097,8.7,Vis.
2457939.46,8.5,Vis.
2457939.46875,8.65,Vis.
2457939.5,9,Vis.
2457939.6,9,Vis.
2457941.42569,8.9,Vis.
2457941.42986,8.9,Vis.
2457942.42,8.8,Vis.
2457942.91806,9.1,Vis.
2457943.65486,9.1,Vis.
2457945.30417,9.8,Vis.
2457945.37,9.4,Vis.
2457945.3854,9.2,Vis.
2457945.42,8.8,Vis.
2457946.409,9.1,Vis.
2457946.425,9.34,Vis.
2457948.3,9.8,Vis.
2457948.4,9,Vis.
2457948.4076,9.2,Vis.
2457948.55,8.9,Vis.
2457949.41944,9,Vis.
2457950.4236,9.5,Vis.
2457950.484,9.6,Vis.
2457950.5,9.3,Vis.
2457950.6,9.5,Vis.
2457950.63889,9.8,Vis.
2457950.67708,9.7,Vis.
2457951.38,9,Vis.
2457951.45069,9,Vis.
2457952.3896,9.7,Vis.
2457952.40625,9.6,Vis.
2457952.6,10,Vis.
2457953.29583,9.8,Vis.
2457953.4,9.6,Vis.
2457954.4,9.3,Vis.
2457954.68403,9.9,Vis.
2457955.4181,9.8,Vis.
2457955.42,9.7,Vis.
2457956.3125,9.8,Vis.
2457956.3729,10.1,Vis.
2457956.70139,10,Vis.
2457957.3847,10.31,Vis.
2457957.41111,10.1,Vis.
2457957.4146,10.2,Vis.
2457958.3847,9.9,Vis.
2457958.42,9.7,Vis.
2457959.31389,10,Vis.
2457962.41,10.4,Vis.
2457962.6,10.7,Vis.
2457962.67153,10.1,Vis.
2457962.7667,10.3,Vis.
2457963.28611,10.2,Vis.
2457963.72361,10.6,Vis.
2457964.39861,10.5,Vis.
2457964.4,9.8,Vis.
2457964.4,10.7,Vis.
2457965.3,11,Vis.
2457965.5,8.5,Vis.
2457965.633,10.8,Vis.
2457966.3944,10.9,Vis.
2457966.78403,11,Vis.
2457967.3833,10.7,Vis.
2457969.3,10.3,Vis.
2457969.39,11.1,Vis.
2457971.3951,11,Vis.
2457972.3958,11.2,Vis.
2457973.384,11.2,Vis.
2457973.44722,10.9,Vis.
2457974.27778,10.8,Vis.
2457975.3,11.7,Vis.
2457975.6,11.6,Vis.
2457977.29306,11,Vis.
2457977.5,11.5,Vis.
2457977.7014,11.6,Vis.
2457978.65069,11.7,Vis.
2457979.3771,11.6,Vis.
2457979.5,10.5,Vis.
2457979.61806,11.6,Vis.
2457980.3715,11.6,Vis.
2457980.49792,11.5,Vis.
2457982.62569,12,Vis.
2457983.32,11.7,Vis.
2457983.32708,11,Vis.
2457983.39583,11.68,Vis.
2457984.28333,11.5,Vis.
2457984.62778,11.9,Vis.
2457985.8,11.8,Vis.
2457989.33,11.9,Vis.
2457989.34375,12,Vis.
2457989.34514,12,Vis.
2457989.75347,11.9,Vis.
2457990.3,11.9,Vis.
2457990.3833,11.7,Vis.
2457991.61,11.6,Vis.
2457994.366,11.8,Vis.
2457995.35278,12,Vis.
2457995.35625,11.9,Vis.
2457995.6,12.4,Vis.
2457995.8,12,Vis.
2457996.45833,11.68,Vis.
2457997.3,12,Vis.
2457997.61944,11.8,Vis.
2457999.27986,11.4,Vis.
2457999.6,12.1,Vis.
2458001.3715,11.8,Vis.
2458006.24375,12.3,Vis.
2458006.60903,11.9,Vis.
2458006.69444,11.5,Vis.
2458007.3354,11.8,Vis.
2458007.6326,11.9,Vis.
2458008.63194,11.8,Vis.
2458010.26,12,Vis.
2458012.24722,11.5,Vis.
2458012.36667,11.8,Vis.
2458012.67569,11.3,Vis.
2458013.59861,11.4,Vis.
2458013.8,11.4,Vis.
2458014.6076,11.6,Vis.
2458015.3,11.2,Vis.
2458015.4764,10.9,Vis.
2458015.6104,11.7,Vis.
2458019.4,11.3,Vis.
2458019.7,10.5,Vis.
2458020.58403,11,Vis.
2458020.67083,10.6,Vis.
2458021.594,11.4,Vis.
2458021.62014,10.7,Vis.
2458023.28056,10.8,Vis.
2458025.5292,10.9,Vis.
2458025.7,10.7,Vis.
2458026.27014,10.7,Vis.
2458026.27431,10.5,Vis.
2458026.4292,10.62,Vis.
2458027.3,10.8,Vis.
2458027.57917,10.4,Vis.
2458027.67986,10.5,Vis.
2458028.36,10,Vis.
2458028.5875,11,Vis.
2458029.576,11,Vis.
2458029.6097,10,Vis.
2458030.5931,10.1,Vis.
2458032.36,9.8,Vis.
2458033.30903,10,Vis.
2458033.57986,9.9,Vis.
2458035.31,10,Vis.
2458035.37,9.5,Vis.
2458035.68472,9.9,Vis.
2458036.4125,9.7,Vis.
2458036.5993,9.5,Vis.
2458036.8,9.8,Vis.
2458038.35,8.8,Vis.
2458039.5,9,Vis.
2458040.20278,8.9,Vis.
2458040.3,9.8,Vis.
2458040.70556,9.6,Vis.
2458041.3,9.9,Vis.
2458041.35,8.8,Vis.
2458041.384,9.5,Vis.
2458041.3926,9.4,Vis.
2458041.57292,9.5,Vis.
2458041.58333,9.6,Vis.
2458042.28542,9.3,Vis.
2458042.29028,9.2,Vis.
2458042.4,9.4,Vis.
2458044.35208,8.9,Vis.
2458044.58472,9.3,Vis.
2458044.58889,9,Vis.
2458045.28,9.6,Vis.
2458046.5361,8.7,Vis.
2458046.6,9,Vis.
2458047.3333,8.7,Vis.
2458047.37361,8.7,Vis.
2458047.3861,9.13,Vis.
2458048.19583,8.8,Vis.
2458049.35,8.8,Vis.
2458050.30208,9.1,Vis.
2458050.625,8.7,Vis.
2458050.71042,8.7,Vis.
2458051.3,8.5,Vis.
2458051.33,8.6,Vis.
2458051.4,8.5,Vis.
2458052.58333,8.8,Vis.
2458053.34,8.5,Vis.
2458054.19167,8.5,Vis.
2458054.2778,8.6,Vis.
2458055.4,8.1,Vis.
2458056.514,8.6,Vis.
2458056.57639,8.1,Vis.
2458056.67847,8.3,Vis.
2458057.24653,8,Vis.
2458057.28542,7.9,Vis.
2458057.3551,7.3,Vis.
2458057.5,8.1,Vis.
2458058.3,8.4,Vis.
2458061.37,7.5,Vis.
2458064.25556,7.5,Vis.
2458064.275,6.9,Vis.
2458064.29,8,Vis.
2458064.29167,7.2,Vis.
2458064.2917,8.2,Vis.
2458064.3778,7.9,Vis.
2458065.2208,7.4,Vis.
2458065.24,7,Vis.
2458065.4028,7.65,Vis.
2458066.2569,7.2,Vis.
2458068.5,7.3,Vis.
2458069.275,7.1,Vis.
2458069.38,6.8,Vis.
2458069.4035,7.2,Vis.
2458070.3,6.4,Vis.
2458070.3125,7.6,Vis.
2458070.3819,7.12,Vis.
2458071.2639,7.2,Vis.
2458071.3007,7.1,Vis.
2458072.2,8.1,Vis.
2458072.4,7.1,Vis.
2458073.34444,7.1,Vis.
2458075.25,7.3,Vis.
2458075.28056,7,Vis.
2458075.2819,7.5,Vis.
2458075.29792,7,Vis.
2458075.3,7.4,Vis.
2458075.4375,7.03,Vis.
2458076.1875,7,Vis.
2458076.25,6.8,Vis.
2458076.3,6.8,Vis.
2458076.61806,7.3,Vis.
2458077.2722,7.2,Vis.
2458078.25903,7,Vis.
2458078.6,7.1,Vis.
2458079.36944,6.9,Vis.
2458079.4,7.1,Vis.
2458080.18,7.5,Vis.
2458080.25347,8.3,Vis.
2458080.3042,7.2,Vis.
2458080.3174,7.6,Vis.
2458080.32222,7.2,Vis.
2458080.54375,7.4,Vis.
2458080.6,6.8,Vis.
2458081.2042,7.4,Vis.
2458081.27639,6.8,Vis.
2458082.2694,7,Vis.
2458082.27,6.5,Vis.
2458082.277778,7.8,Vis.
2458082.3,7.4,Vis.
2458083.19444,6.9,Vis.
2458083.25,7.1,Vis.
2458083.3306,6.95,Vis.
2458083.5514,7.2,Vis.
2458084.46944,6.7,Vis.
2458085.2,7.3,Vis.
2458085.3,6.8,Vis.
2458086.32,7.1,Vis.
2458087.5,7,Vis.
2458087.538,6.8,Vis.
2458088.7111,7.2,Vis.
2458089.2361,6.7,Vis.
2458090.19792,6.9,Vis.
2458091.2083,6.7,Vis.
2458091.31806,6.9,Vis.
2458091.3417,7,Vis.
2458092.23681,7,Vis.
2458092.24167,6.7,Vis.
2458094.2,7.6,Vis.
2458094.38,7,Vis.
2458095.2,7.8,Vis.
2458095.22,7.3,Vis.
2458095.23,7.4,Vis.
2458096.18681,6.9,Vis.
2458096.3,7.1,Vis.
2458096.3,7.1,Vis.
2458096.4528,7.06,Vis.
2458096.57083,7.5,Vis.
2458096.61597,6.9,Vis.
2458099.3333,7.11,Vis.
2458100.2201,6.9,Vis.
2458100.3,7.1,Vis.
2458100.54931,7.4,Vis.
2458101.2354,7,Vis.
2458103.19028,7,Vis.
2458103.29,7.1,Vis.
2458104.2,7.2,Vis.
2458104.5,7.4,Vis.
2458105.27,8.1,Vis.
2458105.3,7.2,Vis.
2458106.21944,7.2,Vis.
2458106.3,6.4,Vis.
2458106.3264,7.2,Vis.
2458108.53611,7.5,Vis.
2458109.2125,7.1,Vis.
2458111.2,7.6,Vis.
2458113.2167,7.4,Vis.
2458113.7104,7.7,Vis.
2458114.28,7.7,Vis.
2458114.3,7.8,Vis.
2458115.2556,7.96,Vis.
2458115.5,7.8,Vis.
2458117.2556,7.7,Vis.
2458120.19931,7.9,Vis.
2458120.28,7.9,Vis.
2458121.2021,7.8,Vis.
2458123.2,8.6,Vis.
2458123.28,8,Vis.
2458124.21528,8.4,Vis.
2458124.5375,8.2,Vis.
2458125.2111,8.7,Vis.
2458125.5,8.5,Vis.
2458126.19653,8.5,Vis.
2458126.2354,8.4,Vis.
2458126.3035,8.6,Vis.
2458128.2118,8.5,Vis.
2458128.2229,8.8,Vis.
2458128.27,8.7,Vis.
2458129.2215,8.7,Vis.
2458131.53125,8.7,Vis.
2458133.3007,8.6,Vis.
2458133.7389,8.8,Vis.
2458134.225,9,Vis.
2458134.22708,8.9,Vis.
2458135.72,8.9,Vis.
2458136.2931,9.19,Vis.
2458136.5,9.3,Vis.
2458137.69,9.1,Vis.
2458138.2194,9.1,Vis.
2458143.2819,10.03,Vis.
2458143.69,9,Vis.
2458146.9,10.1,Vis.
2458148.02014,9.9,Vis.
2458148.21,9.4,Vis.
2458148.68,9.8,Vis.
2458150.23333,9.9,Vis.
2458151.3125,10.5,Vis.
2458154.3056,10.5,Vis.
2458154.71,10.5,Vis.
2458155.6722,10.5,Vis.
2458157.23819,10.4,Vis.
2458157.24097,10.4,Vis.
2458157.2847,9.9,Vis.
2458157.72,10.7,Vis.
2458161.6333,11,Vis.
2458161.72,11.2,Vis.
2458162.2292,11.1,Vis.
2458162.9,11.2,Vis.
2458163.25278,10.9,Vis.
2458164.2306,11.5,Vis.
2458165.64931,11,Vis.
2458169.6257,11.6,Vis.
2458171.7083,10.9,Vis.
2458172.6542,11.7,Vis.
2458174.65625,11.1,Vis.
2458174.6847,11.7,Vis.
2458176.9,11.9,Vis.
2458186.6201,12.2,Vis.
2458188.8,12.5,Vis.
2458188.934,12.2,Vis.
2458190.5139,12.5,Vis.
2458191.97917,12.3,Vis.
2458197.6264,12.4,Vis.
2458198.97708,12.4,Vis.
2458199.8,12.8,Vis.
2458200.5403,10.9,Vis.
2458208.95347,12.3,Vis.
2458214.5819,12.3,Vis.
2458214.632,10.9,Vis.
2458216.5965,12.1,Vis.
2458217.5417,12.1,Vis.
2458217.8,12,Vis.
2458219.93889,12.2,Vis.
2458220.5535,11.9,Vis.
2458220.59583,11.2,Vis.
2458224.93958,11.1,Vis.
2458226.4188,11.7,Vis.
2458228.6042,11.5,Vis.
2458228.6222,11.35,Vis.
2458229.58,11.2,Vis.
2458229.7,11.2,Vis.
2458230.42986,11.1,Vis.
2458230.43194,10.8,Vis.
2458230.5326,11.1,Vis.
2458231.6,10.2,Vis.
2458232.391,11.1,Vis.
2458234.59,10.4,Vis.
2458237.6,10.6,Vis.
2458238.4083,10.5,Vis.
2458238.49792,10.2,Vis.
2458239.8,10.4,Vis.
2458240.6,10.2,Vis.
2458241.42,10,Vis.
2458243.4944,9.9,Vis.
2458243.5556,9.9,Vis.
2458244.4,9.7,Vis.
2458244.4,9.4,Vis.
2458244.40625,9.8,Vis.
2458245.4,9,Vis.
2458245.425,9.8,Vis.
2458245.875,9.7,Vis.
2458246.3833,9.8,Vis.
2458246.4653,9.6,Vis.
2458246.57,9,Vis.
2458247.3938,9.8,Vis.
2458247.6,9.3,Vis.
2458249.42,8.8,Vis.
2458249.45139,9.2,Vis.
2458249.5,9.2,Vis.
2458250.384,9.6,Vis.
2458250.4236,9.2,Vis.
2458250.72847,9.4,Vis.
2458251.4,9,Vis.
2458251.4146,9.2,Vis.
2458251.475,8.5,Vis.
2458251.7,9.6,Vis.
2458252.41667,9,Vis.
2458252.42153,9.1,Vis.
2458252.4278,9.1,Vis.
2458252.455,9.5,Vis.
2458253.3931,9.1,Vis.
2458253.43,8.8,Vis.
2458253.4375,9.1,Vis.
2458253.5,8.9,Vis.
2458254.4667,9.02,Vis.
2458255.535,9.4,Vis.
2458255.69514,8.9,Vis.
2458256.43,8.7,Vis.
2458257.4,8.5,Vis.
2458258.3,9,Vis.
2458258.41806,8.7,Vis.
2458258.4618,8.7,Vis.
2458259.4,8.4,Vis.
2458259.4188,8.6,Vis.
2458259.4389,8.4,Vis.
2458260.44,8.7,Vis.
2458260.566,8.8,Vis.
2458261.4049,8.5,Vis.
2458261.5,8.5,Vis.
2458261.6,8.5,Vis.
2458262.4271,8.5,Vis.
2458263.3389,8.58,Vis.
2458263.58,8,Vis.
2458263.6,8.5,Vis.
2458263.6347,8.7,Vis.
2458264.4,7.6,Vis.
2458264.425,8.5,Vis.
2458265.4181,8.1,Vis.
2458265.458,8.6,Vis.
2458266.44,7.8,Vis.
2458267.5306,8.3,Vis.
2458268.5,8.3,Vis.
2458269.4313,8.3,Vis.
2458269.4549,8.1,Vis.
2458270.3,8.3,Vis.
2458270.40764,8.3,Vis.
2458271.29931,8.5,Vis.
2458271.4514,8.3,Vis.
2458271.68125,8.3,Vis.
2458272.3,7.7,Vis.
2458272.469,8.5,Vis.
2458272.7,8.1,Vis.
2458273.4069,8.4,Vis.
2458273.4438,8.3,Vis.
2458273.46,7.7,Vis.
2458273.5,7.6,Vis.
2458274.4028,8.4,Vis.
2458274.4278,8.3,Vis.
2458275.3944,8.4,Vis.
2458275.43,7.7,Vis.
2458275.4333,8.3,Vis.
2458275.531,8.3,Vis.
2458276.4208,8.3,Vis.
2458276.44792,8.2,Vis.
2458276.5,7.6,Vis.
2458277.4965,7.9,Vis.
2458277.5,8,Vis.
2458277.5222,8.2,Vis.
2458278.29722,8.5,Vis.
2458278.4028,8.3,Vis.
2458278.43,7.7,Vis.
2458279.469,8.5,Vis.
2458279.65,8.3,Vis.
2458279.6625,8.5,Vis.
2458280.38,7.7,Vis.
2458280.4125,8.2,Vis.
2458280.42,7.5,Vis.
2458281.4153,8.23,Vis.
2458281.6,8.1,Vis.
2458283.41,8.9,Vis.
2458283.42,7.7,Vis.
2458284.4063,8.2,Vis.
2458284.5,7.8,Vis.
2458285.4194,8.09,Vis.
2458285.4229,7.8,Vis.
2458288.5,8,Vis.
2458289.3,8.4,Vis.
2458289.46319,8.3,Vis.
2458289.48,8,Vis.
2458289.5444,8.2,Vis.
2458290.36,7.9,Vis.
2458290.4125,8.1,Vis.
2458290.42,7.7,Vis.
2458290.45764,8,Vis.
2458290.5417,8.3,Vis.
2458291.31944,8.2,Vis.
2458291.6,8.1,Vis.
2458292.5,8.5,Vis.
2458292.72708,8.2,Vis.
2458294.43,7.7,Vis.
2458294.474,8.6,Vis.
2458295.4167,8.32,Vis.
2458295.656,8.6,Vis.
2458296.4326,8.4,Vis.
2458296.4993,8.3,Vis.
2458296.65972,8.3,Vis.
2458297.4146,8.3,Vis.
2458298.43333,8.3,Vis.
2458298.47,7.7,Vis.
2458299.31111,8.5,Vis.
2458299.5417,8.3,Vis.
2458299.64097,8.5,Vis.
2458300.3931,8.3,Vis.
2458300.4,8.6,Vis.
2458300.425,8.2,Vis.
2458300.43056,8.3,Vis.
2458301.38,8.9,Vis.
2458301.41,8.3,Vis.
2458301.425,8.4,Vis.
2458301.6,8.3,Vis.
2458301.656,8.7,Vis.
2458301.67569,8.3,Vis.
2458302.4,8.1,Vis.
2458302.4104,8.3,Vis.
2458302.43,8.7,Vis.
2458303.29653,8.4,Vis.
2458304.4007,8.3,Vis.
2458304.4069,8.53,Vis.
2458304.43,8.7,Vis.
2458304.4431,8.4,Vis.
2458306.3,8.5,Vis.
2458306.37,9.5,Vis.
2458306.434,8.4,Vis.
2458306.5,8.2,Vis.
2458307.3972,8.5,Vis.
2458307.43,8.7,Vis.
2458307.563,8.9,Vis.
2458308.5292,8.6,Vis.
2458308.622,8.7,Vis.
2458309.5,8.5,Vis.
2458309.54,8.7,Vis.
2458310.3,8.6,Vis.
2458310.416,8.7,Vis.
2458310.425,8.7,Vis.
2458310.6,8.9,Vis.
2458311.4625,8.7,Vis.
2458312.425,8.6,Vis.
2458312.44653,8.6,Vis.
2458312.5118,8.7,Vis.
2458313.29444,8.5,Vis.
2458313.35,8.5,Vis.
2458313.3868,8.7,Vis.
2458313.4444,8.4,Vis.
2458313.47,8.8,Vis.
2458313.725,8.8,Vis.
2458314.444,9.2,Vis.
2458314.45625,8.7,Vis.
2458314.656,8.6,Vis.
2458315.4,8.8,Vis.
2458315.4201,8.7,Vis.
2458316.4104,8.9,Vis.
2458317.3931,9.13,Vis.
2458317.49,8.6,Vis.
2458318.4146,9.1,Vis.
2458318.46458,8.7,Vis.
2458319.36,8.6,Vis.
2458319.4139,9.1,Vis.
2458319.90278,9.3,Vis.
2458320.3875,9,Vis.
2458322.46,8.9,Vis.
2458322.48542,9.3,Vis.
2458323.3854,9.4,Vis.
2458323.41319,9.3,Vis.
2458323.4153,9.3,Vis.
2458324.4042,9.2,Vis.
2458324.45625,9.4,Vis.
2458324.62,8.9,Vis.
2458325.3,9.6,Vis.
2458325.3972,9.3,Vis.
2458326.38889,9.6,Vis.
2458327.29028,9.9,Vis.
2458327.46111,9.6,Vis.
2458327.46528,9.5,Vis.
2458330.3576,9.9,Vis.
2458331.42,9.8,Vis.
2458331.42222,9.4,Vis.
2458331.43125,10,Vis.
2458332.27917,10.1,Vis.
2458332.64028,9.9,Vis.
2458333.61,10.1,Vis.
2458334.46,10.3,Vis.
2458335.6632,9.9,Vis.
2458336.4014,10.8,Vis.
2458336.5,10.7,Vis.
2458337.37,10,Vis.
2458337.3826,10.8,Vis.
2458337.48,10.7,Vis.
2458338.4201,10.7,Vis.
2458338.47222,11,Vis.
2458339.28194,10.4,Vis.
2458339.3938,10.9,Vis.
2458340.39375,10.8,Vis.
2458340.4319,10.8,Vis.
2458340.47,10.7,Vis.
2458340.596,10.8,Vis.
2458341.5,10.8,Vis.
2458342.3903,11.2,Vis.
2458343.3826,11.1,Vis.
2458344.27778,10.7,Vis.
2458344.38056,11.5,Vis.
2458344.6,11.5,Vis.
2458345.55,11,Vis.
2458345.64306,11.4,Vis.
2458346.3792,10.9,Vis.
2458346.4181,11.1,Vis.
2458347.45,11.4,Vis.
2458349.26806,11.3,Vis.
2458350.3701,11.7,Vis.
2458352.3,9.9,Vis.
2458353.42361,11.9,Vis.
2458353.42708,11.8,Vis.
2458355.63,11.7,Vis.
2458356.625,11.9,Vis.
2458361.26944,12,Vis.
2458361.6,12.4,Vis.
2458363.4194,10.9,Vis.
2458364.71458,12.3,Vis.
2458365.26111,12,Vis.
2458365.33889,12.1,Vis.
2458370.36,12,Vis.
2458370.6,12.2,Vis.
2458371.3,12.1,Vis.
2458372.24792,12,Vis.
2458372.71042,12.2,Vis.
2458374.3014,12.6,Vis.
2458374.7,12.7,Vis.
2458375.425,12.3,Vis.
2458377.35,12.7,Vis.
2458380.23125,12.1,Vis.
2458380.32292,12.3,Vis.
2458380.32847,12,Vis.
2458381.6,12.2,Vis.
2458381.60208,12.2,Vis.
2458382.35,11.9,Vis.
2458383.5417,12.3,Vis.
2458383.672,12,Vis.
2458388.3,11.1,Vis.
2458389.2833,12.4,Vis.
2458390.3861,12.2,Vis.
2458390.6271,12.3,Vis.
2458392.2993,12.4,Vis.
2458392.30417,12,Vis.
2458396.31,12.1,Vis.
2458396.6076,12.4,Vis.
2458396.71875,11.8,Vis.
2458397.30486,12,Vis.
2458397.3458,11.9,Vis.
2458397.4125,10.9,Vis.
2458398.4084,12,Vis.
2458398.57222,12,Vis.
2458399.54861,11.6,Vis.
2458400.2736,12.4,Vis.
2458400.3,11.6,Vis.
2458400.6,12,Vis.
2458401.3,11.9,Vis.
2458401.39583,11.2,Vis.
2458402.21181,11.1,Vis.
2458402.3771,11.9,Vis.
2458402.4,10.1,Vis.
2458403.70417,11.6,Vis.
2458404.30903,11.7,Vis.
2458404.3299,11.8,Vis.
2458404.4667,11.9,Vis.
2458404.73681,11.5,Vis.
2458405.284,12.1,Vis.
2458405.36,11.7,Vis.
2458406.6069,12.1,Vis.
2458407.4,10.9,Vis.
2458408.30208,12,Vis.
2458409.29306,11.5,Vis.
2458409.5,11.6,Vis.
2458410.425,11.5,Vis.
2458410.556,11.9,Vis.
2458410.55764,11.4,Vis.
2458411.3778,11.4,Vis.
2458412.6,11.4,Vis.
2458413.4,11.1,Vis.
2458414.259,11.6,Vis.
2458416.20278,11,Vis.
2458419.56806,11,Vis.
2458419.64167,10.8,Vis.
2458422.26667,10.8,Vis.
2458422.3,10.8,Vis.
2458422.5826,11,Vis.
2458423.3,10.8,Vis.
2458423.4,11,Vis.
2458423.5,10.8,Vis.
2458424.3,8.9,Vis.
2458424.4,10.4,Vis.
2458425.55625,10.2,Vis.
2458426.247,10.2,Vis.
2458426.3667,10.5,Vis.
2458426.375,10.37,Vis.
2458426.53264,10.6,Vis.
2458427.3819,10.6,Vis.
2458428.34,10.2,Vis.
2458428.4375,10.3,Vis.
2458429.19444,10.8,Vis.
2458429.26181,10.3,Vis.
2458429.3,8.9,Vis.
2458429.4,9.7,Vis.
2458432.4069,10.03,Vis.
2458433.5,10,Vis.
2458433.67014,9.8,Vis.
2458434.33333,10.5,Vis.
2458435.20972,9.8,Vis.
2458436.4,9.4,Vis.
2458436.425,9.1,Vis.
2458437.6375,9.4,Vis.
2458438.24514,9.1,Vis.
2458438.3431,9.2,Vis.
2458439.27,9,Vis.
2458440.4472,8.9,Vis.
2458441.36,8.8,Vis.
2458442.4222,8.46,Vis.
2458444.24375,8.4,Vis.
2458444.25556,8.1,Vis.
2458444.3,8,Vis.
2458444.5,8.5,Vis.
2458446.2674,8.1,Vis.
2458447.3,8.1,Vis.
2458448.25625,8,Vis.
2458448.2694,7.8,Vis.
2458448.47222,8.3,Vis.
2458450.4139,7.98,Vis.
2458451.17778,7.2,Vis.
2458451.2,8,Vis.
2458452.31,7.7,Vis.
2458453.23611,7.5,Vis.
2458453.2786,7.6,Vis.
2458454.2375,7.7,Vis.
2458454.55208,7.6,Vis.
2458456.4264,7.23,Vis.
2458457.25,7.1,Vis.
2458457.3,9.3,Vis.
2458457.39583,7.6,Vis.
2458457.5,7.5,Vis.
2458458.22,8.3,Vis.
2458458.24861,7.5,Vis.
2458458.29653,7.4,Vis.
2458461.28,7.2,Vis.
2458461.366,7.7,Vis.
2458462.21389,7.2,Vis.
2458462.325,7.3,Vis.
2458463.216,7.5,Vis.
2458463.62361,7.5,Vis.
2458464.4,7.6,Vis.
2458465.22917,7.3,Vis.
2458465.2931,7.3,Vis.
2458465.3236,7.1,Vis.
2458467.33472,7.2,Vis.
2458467.4028,7.24,Vis.
2458468.53403,7.4,Vis.
2458469.19583,7.8,Vis.
2458469.5,7.3,Vis.
2458473.53333,7.6,Vis.
2458475.2681,7.36,Vis.
2458477.264,7.7,Vis.
2458479.4,7.2,Vis.
2458479.48611,7.5,Vis.
2458479.5,7.4,Vis.
2458481.22014,7.3,Vis.
2458482.2903,7.2,Vis.
2458484.28,7.4,Vis.
2458484.3,7.3,Vis.
2458486.1875,7.4,Vis.
2458486.19167,7,Vis.
2458486.2201,8.3,Vis.
2458486.2493,7.5,Vis.
2458487.4,7.5,Vis.
2458488.5,7.5,Vis.
2458488.52153,7.7,Vis.
2458489.32,7.6,Vis.
2458492.23542,7.7,Vis.
2458492.74,7.5,Vis.
2458493.3083,7.98,Vis.
2458496.53125,8.1,Vis.
2458497.5854,7.7,Vis.
2458497.76,7.6,Vis.
2458498.19306,8,Vis.
2458498.3153,7.8,Vis.
2458499,7.9,Vis.
2458501.2,7.9,Vis.
2458501.2,8.1,Vis.
2458501.28333,8.1,Vis.
2458502.6326,7.9,Vis.
2458503.22569,8.2,Vis.
2458504.2063,8.7,Vis.
2458506.6833,8.1,Vis.
2458507.24375,8.2,Vis.
2458509.2,8.3,Vis.
2458511.2958,8.71,Vis.
2458511.72,8.8,Vis.
2458511.9,8.9,Vis.
2458513.6889,8.7,Vis.
2458514.24514,8.8,Vis.
2458514.72,8.8,Vis.
2458518.7313,9.3,Vis.
2458520.7306,9.3,Vis.
2458522.6556,9.3,Vis.
2458527.2889,10,Vis.
2458527.98194,9.9,Vis.
2458529.2722,10.1,Vis.
2458529.68403,10.3,Vis.
2458529.6861,10,Vis.
2458530.6299,10.4,Vis.
2458530.9,10.4,Vis.
2458531.2944,10.4,Vis.
2458532.6035,10.4,Vis.
2458537.4896,7.5,Vis.
2458537.6639,10.9,Vis.
2458538.6,10.5,Vis.
2458538.6618,10.9,Vis.
2458539.6625,11,Vis.
2458540.5875,11.1,Vis.
2458540.68611,11.2,Vis.
2458541.6583,11.1,Vis.
2458542.6597,11.1,Vis.
2458542.9,11.4,Vis.
2458546.6243,11.4,Vis.
2458550.4215,11.8,Vis.
2458552.4625,11.8,Vis.
2458560.67,11.5,Vis.
2458565.6243,12.4,Vis.
2458568.91944,11.9,Vis.
2458574.6229,12.4,Vis.
2458574.8,12.8,Vis.
2458574.94653,12.3,Vis.
2458575.42361,12.8,Vis.
2458575.6049,12.6,Vis.
2458576.42639,12.78,Vis.
2458577.43056,12.74,Vis.
2458578.43542,12.7,Vis.
2458579.43889,12.67,Vis.
2458580.44375,12.6,Vis.
2458581.44931,12.5,Vis.
2458582.45486,12.45,Vis.
2458582.5618,12.5,Vis.
2458583.46111,12.37,Vis.
2458583.94097,12.3,Vis.
2458584.46875,12.33,Vis.
2458584.8,12.8,Vis.
2458585.39931,12.3,Vis.
2458586.40347,12.2,Vis.
2458587.40903,12.17,Vis.
2458588.4125,12.1,Vis.
2458588.94653,12.1,Vis.
2458589.41667,12.04,Vis.
2458589.5833,12.3,Vis.
2458590.42292,12,Vis.
2458591.43056,11.9,Vis.
2458591.5736,12.2,Vis.
2458592.43681,11.8,Vis.
2458593.44583,11.7,Vis.
2458593.6132,11.8,Vis.
2458593.92917,11.8,Vis.
2458594.45347,11.67,Vis.
2458594.47963,11.5,Vis.
2458595.37708,11.6,Vis.
2458596.38194,11.57,Vis.
2458596.3896,11.8,Vis.
2458596.42778,11.7,Vis.
2458596.43056,11.7,Vis.
2458597.38681,11.54,Vis.
2458598.39236,11.51,Vis.
2458598.8,11.7,Vis.
2458599.39792,11.48,Vis.
2458599.5014,11.7,Vis.
2458600.40347,11.45,Vis.
2458600.86944,11.4,Vis.
2458601.40972,11.4,Vis.
2458602.41458,11.35,Vis.
2458603.41875,11.1,Vis.
2458603.42153,11.27,Vis.
2458604.42708,11.2,Vis.
2458605.35833,11.15,Vis.
2458606.36111,11.1,Vis.
2458606.3729,11.1,Vis.
2458606.63,11.2,Vis.
2458607.36667,11.05,Vis.
2458608.37153,11,Vis.
2458608.5424,9.9,Vis.
2458608.5889,10.8,Vis.
2458609.37569,10.97,Vis.
2458609.54,10.5,Vis.
2458609.7,10.9,Vis.
2458610.38056,10.94,Vis.
2458611.38542,10.9,Vis.
2458612.38958,10.8,Vis.
2458613.39514,10.7,Vis.
2458613.63,10,Vis.
2458614.40069,10.6,Vis.
2458615.40417,10.5,Vis.
2458616.40972,10.4,Vis.
2458616.52917,10.3,Vis.
2458616.54,9.9,Vis.
2458616.6021,10.1,Vis.
2458616.91389,9.8,Vis.
2458617.41458,10.4,Vis.
2458618.41944,10.3,Vis.
2458619.425,10.2,Vis.
2458619.51,9,Vis.
2458620.42986,10.1,Vis.
2458621.43542,9.97,Vis.
2458621.8,9.8,Vis.
2458622.44097,9.85,Vis.
2458622.44167,9.9,Vis.
2458622.48,8.9,Vis.
2458623.44583,9.67,Vis.
2458624.39,8.8,Vis.
2458624.45208,9.6,Vis.
2458624.5,9.8,Vis.
2458625.31875,9.51,Vis.
2458626.325,9.45,Vis.
2458626.4549,9.5,Vis.
2458626.54,8.7,Vis.
2458627.32986,9.38,Vis.
2458628.33472,9.3,Vis.
2458629.34028,9.25,Vis.
2458629.5104,9.2,Vis.
2458630.34514,9.2,Vis.
2458630.45,8.8,Vis.
2458630.6,9,Vis.
2458631.34861,9.15,Vis.
2458632.35486,9,Vis.
2458632.46875,9.1,Vis.
2458633.36042,8.97,Vis.
2458633.4368,8.7,Vis.
2458633.43889,8.9,Vis.
2458633.44375,8.9,Vis.
2458634.36528,8.9,Vis.
2458634.4,8.8,Vis.
2458635.36944,8.85,Vis.
2458635.45,8.7,Vis.
2458635.5,8.6,Vis.
2458636.375,8.8,Vis.
2458636.5,8.3,Vis.
2458636.5104,8.7,Vis.
2458637.3,8.4,Vis.
2458637.37986,8.7,Vis.
2458637.5292,8.6,Vis.
2458638.38403,8.67,Vis.
2458639.3875,8.6,Vis.
2458639.416,8.7,Vis.
2458640.39375,8.5,Vis.
2458640.4153,8.5,Vis.
2458640.42,7.9,Vis.
2458640.46528,8.5,Vis.
2458641.6,8.5,Vis.
2458642.29653,8.7,Vis.
2458642.72083,8.1,Vis.
2458643.416,8.4,Vis.
2458643.42,7.7,Vis.
2458645.5,8.1,Vis.
2458646.651,8.4,Vis.
2458647.28889,8.8,Vis.
2458650.42,7,Vis.
2458651.6,7.7,Vis.
2458652.42,7.6,Vis.
2458653.4,7.5,Vis.
2458654.41319,7.7,Vis.
2458655.29444,7.9,Vis.
2458655.43,7.7,Vis.
2458657.4514,7.9,Vis.
2458658.5,6.7,Vis.
2458658.5049,7.8,Vis.
2458658.632,8.3,Vis.
2458659.39,8.1,Vis.
2458659.4229,7.9,Vis.
2458660.3,7.9,Vis.
2458660.4,8.4,Vis.
2458660.425,7.7,Vis.
2458660.475,7.3,Vis.
2458661.4215,7.7,Vis.
2458661.44,7.5,Vis.
2458661.5,7.8,Vis.
2458661.6,7.5,Vis.
2458662.4181,7.8,Vis.
2458663.4306,7.8,Vis.
2458663.5,7.6,Vis.
2458664.36,7.6,Vis.
2458665.37,7.4,Vis.
2458665.4146,7.8,Vis.
2458666.4674,7.8,Vis.
2458668.28542,7.3,Vis.
2458668.4167,7.7,Vis.
2458668.44444,7.7,Vis.
2458669.3799,7.8,Vis.
2458669.5,8,Vis.
2458670.36,8,Vis.
2458670.441,8,Vis.
2458671.38,7.8,Vis.
2458671.5,8,Vis.
2458672.3847,7.7,Vis.
2458672.46,7.7,Vis.
2458672.521,7.9,Vis.
2458672.6,7.7,Vis.
2458674.66181,7.8,Vis.
2458676.29097,7.8,Vis.
2458676.47431,7.8,Vis.
2458676.55,7.7,Vis.
2458679.4,8,Vis.
2458679.42,7.7,Vis.
2458679.58,8.1,Vis.
2458682.29097,7.9,Vis.
2458682.4313,8,Vis.
2458684.5146,8.1,Vis.
2458684.6,8.1,Vis.
2458685.43,7.7,Vis.
2458686.4146,8.2,Vis.
2458687.36111,8.1,Vis.
2458687.4,8.5,Vis.
2458687.4993,8.1,Vis.
2458688.29028,8,Vis.
2458688.3889,7.5,Vis.
2458688.4264,8.1,Vis.
2458689.571,8.4,Vis.
2458690.3944,8.2,Vis.
2458690.43333,8.3,Vis.
2458690.43958,8.3,Vis.
2458691.3833,8.3,Vis.
2458692.33,8.3,Vis.
2458694.3,9,Vis.
2458694.35833,8.1,Vis.
2458694.3792,8.3,Vis.
2458695.3924,8.3,Vis.
2458696.39,7.9,Vis.
2458696.39583,8.6,Vis.
2458696.6,8.7,Vis.
2458697.4146,8.4,Vis.
2458697.556,8.5,Vis.
2458698.3764,8.5,Vis.
2458698.4,8.6,Vis.
2458698.40278,8.3,Vis.
2458700.3875,8.6,Vis.
2458700.39,8.8,Vis.
2458700.4,8.4,Vis.
2458700.608,8.7,Vis.
2458703.4438,8.9,Vis.
2458705.27778,8.4,Vis.
2458706.3979,9,Vis.
2458706.4,8.8,Vis.
2458706.6,9.3,Vis.
2458707.59,9.1,Vis.
2458707.6701,9.6,Vis.
2458708.39514,8.9,Vis.
2458710.3736,9.2,Vis.
2458710.42361,9.1,Vis.
2458711.39,8.9,Vis.
2458713.6,9,Vis.
2458714.32,9.8,Vis.
2458714.35,9.4,Vis.
2458714.36,9,Vis.
2458714.37,8.9,Vis.
2458714.41667,9.1,Vis.
2458715.35833,9.3,Vis.
2458716.4,9.2,Vis.
2458717.35417,9.6,Vis.
2458717.3922,9.3,Vis.
2458717.3924,9.8,Vis.
2458718.275,9,Vis.
2458718.4132,10.1,Vis.
2458718.5,9.5,Vis.
2458718.6,10,Vis.
2458719.4313,10,Vis.
2458719.599,9.8,Vis.
2458719.61,9.9,Vis.
2458720.3403,10,Vis.
2458720.38819,9.7,Vis.
2458720.45139,9.6,Vis.
2458721.2,10.5,Vis.
2458721.35,10,Vis.
2458721.35417,9.7,Vis.
2458721.4167,10.2,Vis.
2458722.3472,10,Vis.
2458723.34931,9.9,Vis.
2458724.375,10,Vis.
2458725.61,9.9,Vis.
2458726.3764,10.2,Vis.
2458726.38056,10.1,Vis.
2458726.4,9.7,Vis.
2458727.34,9.9,Vis.
2458727.38056,10,Vis.
2458727.38403,10,Vis.
2458727.3924,10.3,Vis.
2458728.64,10,Vis.
2458729.2938,10.6,Vis.
2458729.6,10.7,Vis.
2458731.6,9.9,Vis.
2458732.29,10.3,Vis.
2458732.31,10.8,Vis.
2458732.35833,10.6,Vis.
2458732.4,10.4,Vis.
2458732.43403,10.5,Vis.
2458733.2951,10.8,Vis.
2458733.38889,10.5,Vis.
2458734.34306,10.6,Vis.
2458734.4,10.6,Vis.
2458735.6,10.6,Vis.
2458736.599,10.9,Vis.
2458737.5951,11.2,Vis.
2458741.24653,11,Vis.
2458741.2882,11,Vis.
2458742.3319,11,Vis.
2458742.6,11.1,Vis.
2458745.3306,11.1,Vis.
2458746.3139,11.3,Vis.
2458746.34784,11,Vis.
2458746.7,11.5,Vis.
2458747.2722,11.3,Vis.
2458747.33,10.9,Vis.
2458748.2722,11.2,Vis.
2458748.3,11,Vis.
2458748.32986,11.1,Vis.
2458748.375,11.4,Vis.
2458749.27,11.2,Vis.
2458749.2958,11.4,Vis.
2458749.37917,11.2,Vis.
2458750.549,11.2,Vis.
2458752.31319,11.3,Vis.
2458755.6,12.1,Vis.
2458757.2694,11.5,Vis.
2458757.4,11.8,Vis.
2458758.3,11.7,Vis.
2458759.2681,11.6,Vis.
2458759.30208,11.6,Vis.
2458762.5653,11.7,Vis.
2458763.5035,11.7,Vis.
2458765.566,11.8,Vis.
2458768.62,11.9,Vis.
2458770.15,11.4,Vis.
2458770.2847,11.7,Vis.
2458772.27917,11.5,Vis.
2458772.3,11.8,Vis.
2458774.3125,11.2,Vis.
2458776.3,11.5,Vis.
2458777.52986,11.4,Vis.
2458777.6,11.2,Vis.
2458779.38889,11.4,Vis.
2458779.39,11.4,Vis.
2458780.4,9,Vis.
2458781.53,11,Vis.
2458782.26597,11,Vis.
2458782.3,11,Vis.
2458782.3,11.3,Vis.
2458783.24167,11.3,Vis.
2458784.36597,10.5,Vis.
2458784.42,11.1,Vis.
2458785.24861,10.7,Vis.
2458785.3222,10.5,Vis.
2458785.551,11.5,Vis.
2458786.3646,10.6,Vis.
2458788.24097,10.2,Vis.
2458788.3639,11.2,Vis.
2458790.225,11.4,Vis.
2458791.6,10.3,Vis.
2458792.5,10.5,Vis.
2458795.32,9.8,Vis.
2458796.20278,10.1,Vis.
2458797.4417,9.5,Vis.
2458798.26806,9.4,Vis.
2458798.2708,9.4,Vis.
2458798.5292,9.3,Vis.
2458801.4,8.8,Vis.
2458803.5,8.8,Vis.
2458804.3,8.9,Vis.
2458804.33,8.8,Vis.
2458805.2,8.9,Vis.
2458806.19306,8.6,Vis.
2458806.3,8.6,Vis.
2458806.3889,8.7,Vis.
2458807.33333,8.7,Vis.
2458808.521,8.8,Vis.
2458812.3294,8.4,Vis.
2458813.541,8.2,Vis.
2458814.5,8.1,Vis.
2458815.20625,8,Vis.
2458817.28264,7.6,Vis.
2458817.441,7.9,Vis.
2458818.243,8,Vis.
2458818.28472,8.2,Vis.
2458818.3,8.2,Vis.
2458818.4,7.7,Vis.
2458820.4,7.5,Vis.
2458821.3,6.9,Vis.
2458822.209,7.6,Vis.
2458822.25694,7.3,Vis.
2458823.20764,7.4,Vis.
2458823.3875,7.3,Vis.
2458824.17708,8.2,Vis.
2458824.5,7.3,Vis.
2458827.253,7.3,Vis.
2458828.19722,7,Vis.
2458828.3,7.2,Vis.
2458828.3125,7.2,Vis.
2458831.18611,7.6,Vis.
2458832.4118,7.2,Vis.
2458833.25764,7,Vis.
2458835.3,6.8,Vis.
2458835.6549,7.1,Vis.
2458836.5,6.8,Vis.
2458836.6875,7.2,Vis.
2458837.495,6.9,Vis.
2458837.6757,7,Vis.
2458838.24,7.3,Vis.
2458839.3292,7.2,Vis.
2458841.2,6.6,Vis.
2458845.22917,6.6,Vis.
2458846.5,6.8,Vis.
2458846.6215,7.2,Vis.
2458847.3,6.4,Vis.
2458848.2,6.9,Vis.
2458848.2168,7.1,Vis.
2458848.3,6.5,Vis.
2458850.2083,7.1,Vis.
2458850.6792,7.2,Vis.
2458850.7,6.8,Vis.
2458852.22083,6.7,Vis.
2458852.76,7.5,Vis.
2458853.2111,7.1,Vis.
2458853.2208,6.9,Vis.
2458853.2792,7.2,Vis.
2458853.3,6.5,Vis.
2458855.3188,7.2,Vis.
2458856,6.8,Vis.
2458856.2,7,Vis.
2458856.3271,7.2,Vis.
2458857.32986,6.4,Vis.
2458858.75,7,Vis.
2458860.17778,7.8,Vis.
2458863.3,6.8,Vis.
2458864.3167,7.6,Vis.
2458865.2,7.1,Vis.
2458865.20764,6.4,Vis.
2458865.22153,7,Vis.
2458865.6354,7.2,Vis.
2458865.9,6.9,Vis.
2458866.6944,7.2,Vis.
2458867.3,6.7,Vis.
2458867.76,7,Vis.
2458868.1819,7.2,Vis.
2458868.2215,6.7,Vis.
2458869.3,7.2,Vis.
2458869.7083,7.3,Vis.
2458870.72917,7.2,Vis.
2458871.25,7,Vis.
2458871.72,7.2,Vis.
2458872.23,7.3,Vis.
2458872.2958,7.3,Vis.
2458873.2306,7.3,Vis.
2458881.9,7.7,Vis.
2458883.74,7.5,Vis.
2458887.6,7.7,Vis.
2458887.6889,7.6,Vis.
2458890.2535,7.6,Vis.
2458893.5604,8,Vis.
2458893.72,7.9,Vis.
2458894.9,8.2,Vis.
2458895.2347,8.3,Vis.
2458897.72,8,Vis.
2458899.5333,8.6,Vis.
2458899.6,8.2,Vis.
2458900.72,8.9,Vis.
2458900.73611,8.9,Vis.
2458904.9,9.1,Vis.
2458905.68,9.1,Vis.
2458909.6035,9.1,Vis.
2458911.66667,9.2,Vis.
2458911.70139,9.4,Vis.
2458915.9,10,Vis.
2458917.6875,10.3,Vis.
2458920.66667,10.6,Vis.
2458921.6569,10.1,Vis.
2458923.6,9.6,Vis.
2458923.6,9.6,Vis.
2458924.5833,11,Vis.
2458925.67708,10.5,Vis.
2458926.6354,11,Vis.
2458926.8,10.9,Vis.
2458930.625,11,Vis.
2458930.6354,11.1,Vis.
2458931.6167,11,Vis.
2458932.6104,11.4,Vis.
2458933.6132,11.5,Vis.
2458935.6042,11.6,Vis.
2458936.6243,11.6,Vis.
2458938.5688,11.6,Vis.
2458939.59028,11.6,Vis.
2458939.6111,11.1,Vis.
2458940.4583,11.6,Vis.
2458940.8,11.7,Vis.
2458944.5389,11.8,Vis.
2458945.5799,12.1,Vis.
2458946.5958,12.1,Vis.
2458950.5646,12,Vis.
2458951.3951,12.3,Vis.
2458953.591,12.3,Vis.
2458955.4306,12.4,Vis.
2458955.8,12.8,Vis.
2458956.575,12.2,Vis.
2458958.5,9.7,Vis.
2458959.6007,12.4,Vis.
2458961.5,8.9,Vis.
2458962.5833,12.5,Vis.
2458964.4215,12.5,Vis.
2458966.416,12.5,Vis.
2458966.42986,12,Vis.
2458967.5576,12.4,Vis.
